date,returns
2017-01-02,0.0
2017-01-03,0.0
2017-01-04,0.0
2017-01-05,0.0
2017-01-06,0.0
2017-01-07,0.0
2017-01-08,0.0
2017-01-09,0.0
2017-01-10,0.0
2017-01-11,0.0
2017-01-12,0.0
2017-01-13,0.0
2017-01-14,0.0
2017-01-15,0.0
2017-01-16,0.0
2017-01-17,0.0
2017-01-18,0.0
2017-01-19,0.0
2017-01-20,0.0
2017-01-21,0.0
2017-01-22,0.0
2017-01-23,0.0
2017-01-24,0.0
2017-01-25,0.0
2017-01-26,0.0
2017-01-27,0.0
2017-01-28,0.0
2017-01-29,0.0
2017-01-30,0.0
2017-01-31,0.0
2017-02-01,0.0
2017-02-02,0.0
2017-02-03,0.0
2017-02-04,0.0
2017-02-05,0.0
2017-02-06,0.0
2017-02-07,0.0
2017-02-08,0.0
2017-02-09,0.0
2017-02-10,0.0
2017-02-11,0.0
2017-02-12,0.0
2017-02-13,0.0
2017-02-14,0.0
2017-02-15,0.0
2017-02-16,0.0
2017-02-17,0.0
2017-02-18,0.0
2017-02-19,0.0
2017-02-20,0.0
2017-02-21,0.0
2017-02-22,0.0
2017-02-23,0.0
2017-02-24,0.0
2017-02-25,0.0
2017-02-26,0.0
2017-02-27,0.0
2017-02-28,0.0
2017-03-01,0.0
2017-03-02,0.0
2017-03-03,0.0
2017-03-04,0.0
2017-03-05,0.0
2017-03-06,0.0
2017-03-07,0.0
2017-03-08,0.0
2017-03-09,0.0
2017-03-10,0.0
2017-03-11,0.0
2017-03-12,0.0
2017-03-13,0.0
2017-03-14,0.0
2017-03-15,0.0
2017-03-16,0.0
2017-03-17,0.0
2017-03-18,0.0
2017-03-19,0.0
2017-03-20,0.0
2017-03-21,0.0
2017-03-22,0.0
2017-03-23,0.0
2017-03-24,0.0
2017-03-25,0.0
2017-03-26,0.0
2017-03-27,0.0
2017-03-28,0.0
2017-03-29,0.0
2017-03-30,0.0
2017-03-31,0.0
2017-04-01,0.0
2017-04-02,0.0
2017-04-03,0.0
2017-04-04,0.0
2017-04-05,0.0
2017-04-06,0.0
2017-04-07,0.0
2017-04-08,0.0
2017-04-09,0.0
2017-04-10,0.0
2017-04-11,0.0
2017-04-12,0.0
2017-04-13,0.0
2017-04-14,0.0
2017-04-15,0.0
2017-04-16,0.0
2017-04-17,0.0
2017-04-18,0.0
2017-04-19,0.0
2017-04-20,0.0
2017-04-21,0.0
2017-04-22,0.0
2017-04-23,0.0
2017-04-24,0.0
2017-04-25,0.0
2017-04-26,0.0
2017-04-27,0.0
2017-04-28,0.0
2017-04-29,0.0
2017-04-30,0.0
2017-05-01,0.0
2017-05-02,0.0
2017-05-03,0.0
2017-05-04,0.0
2017-05-05,0.0
2017-05-06,0.0
2017-05-07,0.0
2017-05-08,0.0
2017-05-09,0.0
2017-05-10,0.0
2017-05-11,0.0
2017-05-12,0.0
2017-05-13,0.0
2017-05-14,0.0
2017-05-15,0.0
2017-05-16,0.0
2017-05-17,0.0
2017-05-18,0.0
2017-05-19,0.0
2017-05-20,0.0
2017-05-21,0.0
2017-05-22,0.0
2017-05-23,0.0
2017-05-24,0.0
2017-05-25,0.0
2017-05-26,0.0
2017-05-27,0.0
2017-05-28,0.0
2017-05-29,0.0
2017-05-30,0.0
2017-05-31,0.0
2017-06-01,0.0
2017-06-02,0.0
2017-06-03,0.0
2017-06-04,0.0
2017-06-05,0.0
2017-06-06,0.0
2017-06-07,0.0
2017-06-08,0.0
2017-06-09,0.0
2017-06-10,0.0
2017-06-11,0.0
2017-06-12,0.0
2017-06-13,0.0
2017-06-14,0.0
2017-06-15,0.0
2017-06-16,0.0
2017-06-17,0.0
2017-06-18,0.0
2017-06-19,0.0
2017-06-20,0.0
2017-06-21,0.0
2017-06-22,0.0
2017-06-23,0.0
2017-06-24,0.0
2017-06-25,0.0
2017-06-26,0.0
2017-06-27,0.0
2017-06-28,0.0
2017-06-29,0.0
2017-06-30,0.0
2017-07-01,0.0
2017-07-02,0.0
2017-07-03,0.0
2017-07-04,0.0
2017-07-05,0.0
2017-07-06,0.0
2017-07-07,0.0
2017-07-08,0.0
2017-07-09,0.0
2017-07-10,0.0
2017-07-11,0.0
2017-07-12,0.0
2017-07-13,0.0
2017-07-14,0.0
2017-07-15,0.0
2017-07-16,0.0
2017-07-17,0.0
2017-07-18,0.0
2017-07-19,0.0
2017-07-20,0.0
2017-07-21,0.0
2017-07-22,-0.00075
2017-07-23,-0.014184485274509828
2017-07-24,0.004479234902019846
2017-07-25,-0.03237553269447768
2017-07-26,-0.009126798898771715
2017-07-27,0.028134590696103356
2017-07-28,0.025681377015310147
2017-07-29,-0.014695579280009252
2017-07-30,0.005635529905012815
2017-07-31,0.02142771947779476
2017-08-01,-0.027315043320707943
2017-08-02,-0.0013961298520619447
2017-08-03,0.01734996537843636
2017-08-04,0.01625110309086919
2017-08-05,0.061642540423637926
2017-08-06,-0.006740016901179618
2017-08-07,0.04022211815106136
2017-08-08,0.05731340754400327
2017-08-09,-0.012576355932844174
2017-08-10,0.0055775594725981925
2017-08-11,0.06174831125809166
2017-08-12,0.03487357106916433
2017-08-13,0.004086358477656538
2017-08-14,0.03432780424777193
2017-08-15,-0.03368049853760502
2017-08-16,0.044755970661482736
2017-08-17,-0.006473951609589912
2017-08-18,-0.029477394570228688
2017-08-19,0.0071554671479722165
2017-08-20,-0.005990022048480037
2017-08-21,0.02293611666008638
2017-08-22,0.0017603715624245342
2017-08-23,0.010561383927605417
2017-08-24,0.03480192152614403
2017-08-25,0.013938954962918193
2017-08-26,0.0007670631870326239
2017-08-27,0.024483503875456836
2017-08-28,-0.0002348954752801613
2017-08-29,0.0553568715888344
2017-08-30,0.009047684217686425
2017-08-31,0.0211439690973223
2017-09-01,0.026185253674824494
2017-09-02,-0.0819933804539244
2017-09-03,-0.00169155554781103
2017-09-04,-0.11309342846509884
2017-09-05,0.04673058744027947
2017-09-06,0.059308259518228934
2017-09-07,-0.007042711347280239
2017-09-08,-0.09032334648926366
2017-09-09,-0.0038459318732860237
2017-09-10,-0.021809697051124677
2017-09-11,0.014665817634429756
2017-09-12,-0.00961823821707955
2017-09-13,-0.03004495089126641
2017-09-14,-0.09445550589259152
2017-09-15,0.0
2017-09-16,0.0
2017-09-17,0.0
2017-09-18,0.0
2017-09-19,0.0
2017-09-20,0.0
2017-09-21,0.0
2017-09-22,0.0
2017-09-23,0.0
2017-09-24,0.0
2017-09-25,0.0
2017-09-26,0.0
2017-09-27,0.0
2017-09-28,0.0
2017-09-29,0.0
2017-09-30,-0.00075
2017-10-01,0.006744194590440984
2017-10-02,-0.007407189565437788
2017-10-03,-0.018838513021918357
2017-10-04,-0.009871704786186264
2017-10-05,0.017185548607927204
2017-10-06,0.026402756514108727
2017-10-07,0.010524302098025795
2017-10-08,0.01669236796016693
2017-10-09,-0.0006531381979312245
2017-10-10,0.005210866513858603
2017-10-11,0.010631057607210614
2017-10-12,0.06539398170444233
2017-10-13,0.075303530538669
2017-10-14,0.01762817593621202
2017-10-15,-0.017634370980120773
2017-10-16,-0.000595968340017683
2017-10-17,-0.03493554911467256
2017-10-18,-0.005678815891156375
2017-10-19,0.0006261773583123853
2017-10-20,0.01990843073878562
2017-10-21,-0.004605166001301175
2017-10-22,-0.009818300643598399
2017-10-23,-0.020877486017565505
2017-10-24,-0.014209500906930184
2017-10-25,0.018854466127291886
2017-10-26,0.013392074030463497
2017-10-27,-0.010493966307371927
2017-10-28,-0.0024053399179705948
2017-10-29,0.034830001337600835
2017-10-30,-0.0018947741763226666
2017-10-31,0.027556355570245827
2017-11-01,0.023105417163655217
2017-11-02,0.022992144494031308
2017-11-03,0.00913044893868753
2017-11-04,0.011944795282211262
2017-11-05,0.0018604435132192343
2017-11-06,-0.02596389173214958
2017-11-07,0.008658997406034485
2017-11-08,0.022066999779249752
2017-11-09,-0.02193786878303597
2017-11-10,-0.07048241855007514
2017-11-11,0.006093754482375369
2017-11-12,-0.04281234589741112
2017-11-13,0.06551419490185006
2017-11-14,0.038831487251555385
2017-11-15,0.04489237344472513
2017-11-16,0.034362325080093625
2017-11-17,-0.00811342842421714
2017-11-18,0.028155450251250103
2017-11-19,0.02555461684538196
2017-11-20,0.02762882849180337
2017-11-21,-0.01651737937947184
2017-11-22,0.039387643298879116
2017-11-23,0.025756304203741975
2017-11-24,0.09229313822319218
2017-11-25,0.023453617904542867
2017-11-26,0.036111979574131814
2017-11-27,0.03571392594019995
2017-11-28,0.004487132575136554
2017-11-29,-0.05643901181951755
2017-11-30,0.040355989449930574
2017-12-01,0.05797688813877955
2017-12-02,0.0011973156954404596
2017-12-03,0.013817496679018215
2017-12-04,0.019418422989587514
2017-12-05,0.003768757374946252
2017-12-06,0.06219895899702099
2017-12-07,0.1330255573427206
2017-12-08,-0.012271896717470476
2017-12-09,-0.02282550116365717
2017-12-10,-0.024428001635900753
2017-12-11,0.13102607983271408
2017-12-12,0.1464193389969164
2017-12-13,0.010485513146373526
2017-12-14,-0.00019783634969045005
2017-12-15,0.026330716012279543
2017-12-16,0.05915097035420391
2017-12-17,0.007923345732332554
2017-12-18,0.051161107920675075
2017-12-19,-0.014740316253274377
2017-12-20,-0.037083519476849125
2017-12-21,-0.023506526921390436
2017-12-22,-0.15139790944651543
2017-12-23,0.06434513190595847
2017-12-24,-0.04384959442227937
2017-12-25,0.05525511765704394
2017-12-26,0.07912683064600545
2017-12-27,-0.015218586007994417
2017-12-28,-0.05581545396502813
2017-12-29,0.012941773819003743
2017-12-30,-0.08224024112476408
2017-12-31,0.07400501155353845
2018-01-01,-0.007120621212073408
2018-01-02,0.12085671040580304
2018-01-03,0.05155692949363022
2018-01-04,0.02255126655084505
2018-01-05,0.06722880222825345
2018-01-06,0.024827253295582108
2018-01-07,0.0235778272849112
2018-01-08,-0.04168692686334974
2018-01-09,0.04688576380572673
2018-01-10,-0.003949864626781263
2018-01-11,-0.09251210373579238
2018-01-12,0.07264066547082515
2018-01-13,0.0619658986333842
2018-01-14,-0.031846664533701635
2018-01-15,-0.027382066666807647
2018-01-16,-0.09220001797150174
2018-01-17,-0.018715155121278748
2018-01-18,0.010860256000443713
2018-01-19,0.0013606101677522409
2018-01-20,0.05584161849429592
2018-01-21,-0.045695392861609396
2018-01-22,-0.022065944581875163
2018-01-23,-0.008487832512769578
2018-01-24,0.036782037996873296
2018-01-25,-0.001298664464717103
2018-01-26,-0.00040717845503529526
2018-01-27,0.024593146214493267
2018-01-28,0.06275125792287439
2018-01-29,-0.025541538155850696
2018-01-30,-0.04703727369280153
2018-01-31,0.02202349551218219
2018-02-01,-0.036447861174478735
2018-02-02,-0.058355627156399414
2018-02-03,0.026334789390286995
2018-02-04,-0.0678321724061283
2018-02-05,0.0
2018-02-06,0.0
2018-02-07,0.0
2018-02-08,0.0
2018-02-09,0.0
2018-02-10,0.0
2018-02-11,0.0
2018-02-12,0.0
2018-02-13,0.0
2018-02-14,0.0
2018-02-15,0.0
2018-02-16,0.0
2018-02-17,0.0
2018-02-18,0.0
2018-02-19,0.0
2018-02-20,0.0
2018-02-21,0.0
2018-02-22,0.0
2018-02-23,0.0
2018-02-24,0.0
2018-02-25,0.0
2018-02-26,0.0
2018-02-27,0.0
2018-02-28,-0.00075
2018-03-01,0.02659669686168986
2018-03-02,0.006182101663090078
2018-03-03,0.018188942780225648
2018-03-04,0.0009965192160471537
2018-03-05,0.002636250602473411
2018-03-06,-0.03427714772156648
2018-03-07,-0.0385207607963243
2018-03-08,0.0
2018-03-09,0.0
2018-03-10,0.0
2018-03-11,0.0
2018-03-12,0.0
2018-03-13,0.0
2018-03-14,0.0
2018-03-15,0.0
2018-03-16,0.0
2018-03-17,0.0
2018-03-18,0.0
2018-03-19,0.0
2018-03-20,0.0
2018-03-21,0.0
2018-03-22,0.0
2018-03-23,0.0
2018-03-24,0.0
2018-03-25,0.0
2018-03-26,0.0
2018-03-27,0.0
2018-03-28,0.0
2018-03-29,0.0
2018-03-30,0.0
2018-03-31,0.0
2018-04-01,0.0
2018-04-02,0.0
2018-04-03,0.0
2018-04-04,0.0
2018-04-05,0.0
2018-04-06,0.0
2018-04-07,0.0
2018-04-08,0.0
2018-04-09,0.0
2018-04-10,0.0
2018-04-11,0.0
2018-04-12,0.0
2018-04-13,0.0
2018-04-14,0.0
2018-04-15,0.0
2018-04-16,0.0
2018-04-17,0.0
2018-04-18,0.0
2018-04-19,0.0
2018-04-20,0.0
2018-04-21,0.0
2018-04-22,0.0
2018-04-23,0.0
2018-04-24,0.0
2018-04-25,0.0
2018-04-26,0.0
2018-04-27,0.0
2018-04-28,0.0
2018-04-29,0.0
2018-04-30,0.0
2018-05-01,0.0
2018-05-02,0.0
2018-05-03,-0.00075
2018-05-04,0.0039003579148001455
2018-05-05,0.01940875709621559
2018-05-06,-0.014586715886479973
2018-05-07,-0.025100286563935953
2018-05-08,0.0
2018-05-09,0.0
2018-05-10,0.0
2018-05-11,0.0
2018-05-12,0.0
2018-05-13,0.0
2018-05-14,0.0
2018-05-15,0.0
2018-05-16,0.0
2018-05-17,0.0
2018-05-18,0.0
2018-05-19,0.0
2018-05-20,0.0
2018-05-21,0.0
2018-05-22,0.0
2018-05-23,0.0
2018-05-24,0.0
2018-05-25,0.0
2018-05-26,0.0
2018-05-27,0.0
2018-05-28,0.0
2018-05-29,0.0
2018-05-30,0.0
2018-05-31,0.0
2018-06-01,0.0
2018-06-02,0.0
2018-06-03,0.0
2018-06-04,0.0
2018-06-05,0.0
2018-06-06,0.0
2018-06-07,0.0
2018-06-08,0.0
2018-06-09,0.0
2018-06-10,0.0
2018-06-11,0.0
2018-06-12,0.0
2018-06-13,0.0
2018-06-14,0.0
2018-06-15,0.0
2018-06-16,0.0
2018-06-17,0.0
2018-06-18,0.0
2018-06-19,0.0
2018-06-20,0.0
2018-06-21,0.0
2018-06-22,0.0
2018-06-23,0.0
2018-06-24,0.0
2018-06-25,0.0
2018-06-26,0.0
2018-06-27,0.0
2018-06-28,0.0
2018-06-29,0.0
2018-06-30,0.0
2018-07-01,0.0
2018-07-02,0.0
2018-07-03,0.0
2018-07-04,0.0
2018-07-05,0.0
2018-07-06,0.0
2018-07-07,0.0
2018-07-08,0.0
2018-07-09,0.0
2018-07-10,0.0
2018-07-11,0.0
2018-07-12,0.0
2018-07-13,0.0
2018-07-14,0.0
2018-07-15,0.0
2018-07-16,0.0
2018-07-17,0.0
2018-07-18,0.0
2018-07-19,0.0
2018-07-20,0.0
2018-07-21,0.0
2018-07-22,0.0
2018-07-23,0.0
2018-07-24,-0.00075
2018-07-25,-0.014415457247078434
2018-07-26,-0.014044682795555263
2018-07-27,0.013420583418832122
2018-07-28,0.0016620081162831424
2018-07-29,0.0016057792556279926
2018-07-30,-0.0023106495084249112
2018-07-31,-0.025200887967454205
2018-08-01,0.0
2018-08-02,0.0
2018-08-03,0.0
2018-08-04,0.0
2018-08-05,0.0
2018-08-06,0.0
2018-08-07,0.0
2018-08-08,0.0
2018-08-09,0.0
2018-08-10,0.0
2018-08-11,0.0
2018-08-12,0.0
2018-08-13,0.0
2018-08-14,0.0
2018-08-15,0.0
2018-08-16,0.0
2018-08-17,0.0
2018-08-18,0.0
2018-08-19,0.0
2018-08-20,0.0
2018-08-21,0.0
2018-08-22,0.0
2018-08-23,0.0
2018-08-24,0.0
2018-08-25,0.0
2018-08-26,0.0
2018-08-27,0.0
2018-08-28,0.0
2018-08-29,0.0
2018-08-30,0.0
2018-08-31,0.0
2018-09-01,0.0
2018-09-02,0.0
2018-09-03,0.0
2018-09-04,0.0
2018-09-05,0.0
2018-09-06,0.0
2018-09-07,0.0
2018-09-08,0.0
2018-09-09,0.0
2018-09-10,0.0
2018-09-11,0.0
2018-09-12,0.0
2018-09-13,0.0
2018-09-14,0.0
2018-09-15,0.0
2018-09-16,0.0
2018-09-17,0.0
2018-09-18,0.0
2018-09-19,0.0
2018-09-20,0.0
2018-09-21,0.0
2018-09-22,0.0
2018-09-23,0.0
2018-09-24,0.0
2018-09-25,0.0
2018-09-26,0.0
2018-09-27,0.0
2018-09-28,0.0
2018-09-29,0.0
2018-09-30,0.0
2018-10-01,0.0
2018-10-02,0.0
2018-10-03,0.0
2018-10-04,0.0
2018-10-05,0.0
2018-10-06,0.0
2018-10-07,0.0
2018-10-08,0.0
2018-10-09,0.0
2018-10-10,0.0
2018-10-11,0.0
2018-10-12,0.0
2018-10-13,0.0
2018-10-14,0.0
2018-10-15,0.0
2018-10-16,0.0
2018-10-17,0.0
2018-10-18,0.0
2018-10-19,0.0
2018-10-20,0.0
2018-10-21,0.0
2018-10-22,0.0
2018-10-23,0.0
2018-10-24,0.0
2018-10-25,0.0
2018-10-26,0.0
2018-10-27,0.0
2018-10-28,0.0
2018-10-29,0.0
2018-10-30,0.0
2018-10-31,0.0
2018-11-01,0.0
2018-11-02,0.0
2018-11-03,0.0
2018-11-04,0.0
2018-11-05,0.0
2018-11-06,0.0
2018-11-07,0.0
2018-11-08,0.0
2018-11-09,0.0
2018-11-10,0.0
2018-11-11,0.0
2018-11-12,0.0
2018-11-13,0.0
2018-11-14,0.0
2018-11-15,0.0
2018-11-16,0.0
2018-11-17,0.0
2018-11-18,0.0
2018-11-19,0.0
2018-11-20,0.0
2018-11-21,0.0
2018-11-22,0.0
2018-11-23,0.0
2018-11-24,0.0
2018-11-25,0.0
2018-11-26,0.0
2018-11-27,0.0
2018-11-28,0.0
2018-11-29,0.0
2018-11-30,0.0
2018-12-01,0.0
2018-12-02,0.0
2018-12-03,0.0
2018-12-04,0.0
2018-12-05,0.0
2018-12-06,0.0
2018-12-07,0.0
2018-12-08,0.0
2018-12-09,0.0
2018-12-10,0.0
2018-12-11,0.0
2018-12-12,0.0
2018-12-13,0.0
2018-12-14,0.0
2018-12-15,0.0
2018-12-16,0.0
2018-12-17,0.0
2018-12-18,0.0
2018-12-19,0.0
2018-12-20,0.0
2018-12-21,0.0
2018-12-22,0.0
2018-12-23,0.0
2018-12-24,0.0
2018-12-25,0.0
2018-12-26,0.0
2018-12-27,0.0
2018-12-28,0.0
2018-12-29,0.0
2018-12-30,0.0
2018-12-31,0.0
2019-01-01,0.0
2019-01-02,0.0
2019-01-03,0.0
2019-01-04,0.0
2019-01-05,0.0
2019-01-06,0.0
2019-01-07,0.0
2019-01-08,0.0
2019-01-09,0.0
2019-01-10,0.0
2019-01-11,0.0
2019-01-12,0.0
2019-01-13,0.0
2019-01-14,0.0
2019-01-15,0.0
2019-01-16,0.0
2019-01-17,0.0
2019-01-18,0.0
2019-01-19,0.0
2019-01-20,0.0
2019-01-21,0.0
2019-01-22,0.0
2019-01-23,0.0
2019-01-24,0.0
2019-01-25,0.0
2019-01-26,0.0
2019-01-27,0.0
2019-01-28,0.0
2019-01-29,0.0
2019-01-30,0.0
2019-01-31,0.0
2019-02-01,0.0
2019-02-02,0.0
2019-02-03,0.0
2019-02-04,0.0
2019-02-05,0.0
2019-02-06,0.0
2019-02-07,0.0
2019-02-08,0.0
2019-02-09,0.0
2019-02-10,0.0
2019-02-11,0.0
2019-02-12,0.0
2019-02-13,0.0
2019-02-14,0.0
2019-02-15,0.0
2019-02-16,0.0
2019-02-17,0.0
2019-02-18,0.0
2019-02-19,0.0
2019-02-20,0.0
2019-02-21,0.0
2019-02-22,0.0
2019-02-23,-0.00075
2019-02-24,-0.07299003942615231
2019-02-25,0.0
2019-02-26,0.0
2019-02-27,0.0
2019-02-28,0.0
2019-03-01,0.0
2019-03-02,0.0
2019-03-03,0.0
2019-03-04,0.0
2019-03-05,0.0
2019-03-06,0.0
2019-03-07,0.0
2019-03-08,0.0
2019-03-09,0.0
2019-03-10,0.0
2019-03-11,0.0
2019-03-12,0.0
2019-03-13,0.0
2019-03-14,0.0
2019-03-15,0.0
2019-03-16,-0.00075
2019-03-17,-0.00841873951865324
2019-03-18,-0.0022355229826991896
2019-03-19,0.004106195009702773
2019-03-20,0.0005948032118242574
2019-03-21,-0.01514478914727066
2019-03-22,0.0
2019-03-23,-0.00075
2019-03-24,-0.004531794187710214
2019-03-25,-0.007888994140140632
2019-03-26,0.0
2019-03-27,-0.00075
2019-03-28,-0.005573801425597769
2019-03-29,0.011049409711217817
2019-03-30,-0.0021701538041482274
2019-03-31,-0.0021888442008117237
2019-04-01,0.007545273117071982
2019-04-02,0.16480081385755918
2019-04-03,0.0019109835114352047
2019-04-04,-0.015597946632106396
2019-04-05,0.03517387519213733
2019-04-06,0.003602871915482253
2019-04-07,0.03960853073388193
2019-04-08,0.02514699120375663
2019-04-09,-0.019511918203852008
2019-04-10,0.014960312696818634
2019-04-11,-0.05780520178385956
2019-04-12,0.00017501476975811947
2019-04-13,1.560759934116085e-05
2019-04-14,0.01708485134593707
2019-04-15,-0.028396653016477924
2019-04-16,0.0353417691751573
2019-04-17,-0.0004423348498223123
2019-04-18,0.024976715206200706
2019-04-19,0.00020838176032045297
2019-04-20,0.003335436622221466
2019-04-21,-0.01284868881736373
2019-04-22,0.013356754660616588
2019-04-23,0.014778282846365898
2019-04-24,-0.02604021885527924
2019-04-25,-0.057544407178705625
2019-04-26,0.012715793449851631
2019-04-27,0.005629747978610933
2019-04-28,-0.0019982494767645798
2019-04-29,-0.010228135429644125
2019-04-30,0.03228553789934485
2019-05-01,0.000701099577654074
2019-05-02,0.013549669479024695
2019-05-03,0.04186568344765085
2019-05-04,-0.006237001295561928
2019-05-05,-0.004795933303608446
2019-05-06,0.023931962503439153
2019-05-07,-0.0010718951566361934
2019-05-08,0.01650403863479688
2019-05-09,0.014125787619303887
2019-05-10,0.02492362064849185
2019-05-11,0.12584944584647684
2019-05-12,-0.03408720073605637
2019-05-13,0.08583304712689066
2019-05-14,0.06305342181059981
2019-05-15,0.08226863557677244
2019-05-16,0.014586622147474304
2019-05-17,-0.07264906021763196
2019-05-18,-0.02375668466278258
2019-05-19,0.12060904450304466
2019-05-20,-0.03142136274457935
2019-05-21,0.005714423802942792
2019-05-22,-0.03838941135711438
2019-05-23,0.015725022801043265
2019-05-24,0.01384824327688361
2019-05-25,0.008638875230512766
2019-05-26,0.0689443936763755
2019-05-27,0.018487536074303645
2019-05-28,-0.006877294467146244
2019-05-29,-0.007723033164045767
2019-05-30,-0.04486257732282889
2019-05-31,0.03927524321881681
2019-06-01,-0.005688182197648883
2019-06-02,0.019555107653810522
2019-06-03,-0.06313471565754614
2019-06-04,-0.05283455563268097
2019-06-05,0.019389227310736
2019-06-06,0.004763387198013058
2019-06-07,0.01710427688865601
2019-06-08,-0.015929338695511663
2019-06-09,-0.042465679899594544
2019-06-10,0.0512690936034923
2019-06-11,-0.00804970603679156
2019-06-12,0.044520249982890836
2019-06-13,-0.003851857891810806
2019-06-14,0.04357606388103863
2019-06-15,0.01765048745960429
2019-06-16,0.009210461853838114
2019-06-17,0.027638194949755057
2019-06-18,-0.02974710342140391
2019-06-19,0.018819783287559066
2019-06-20,0.017875403957632763
2019-06-21,0.07512492749154276
2019-06-22,0.0519926941073362
2019-06-23,0.004671091686876516
2019-06-24,0.011391093894906223
2019-06-25,0.047815362338634926
2019-06-26,0.08123605039823911
2019-06-27,-0.13350955727177283
2019-06-28,0.0835650605265228
2019-06-29,-0.003861926174203667
2019-06-30,-0.09362510076606356
2019-07-01,-0.005751493499772942
2019-07-02,0.006843488311574497
2019-07-03,0.07340152499205876
2019-07-04,-0.0618215488734305
2019-07-05,-0.004459296559999715
2019-07-06,0.009697250341561492
2019-07-07,0.04237454476187419
2019-07-08,0.04881511879274769
2019-07-09,0.004738939150808419
2019-07-10,-0.04715384718659882
2019-07-11,-0.06953665568203693
2019-07-12,0.03422220972782164
2019-07-13,-0.030264076790356143
2019-07-14,-0.12833467479676067
2019-07-15,0.031153835841607247
2019-07-16,-0.06504982633227657
2019-07-17,0.011403716302225031
2019-07-18,0.05017020421530072
2019-07-19,-0.006363401348901732
2019-07-20,0.011224617725424935
2019-07-21,-0.00780309968805093
2019-07-22,-0.012826454498911538
2019-07-23,0.0
2019-07-24,0.0
2019-07-25,0.0
2019-07-26,0.0
2019-07-27,0.0
2019-07-28,0.0
2019-07-29,0.0
2019-07-30,0.0
2019-07-31,0.0
2019-08-01,0.0
2019-08-02,0.0
2019-08-03,0.0
2019-08-04,0.0
2019-08-05,-0.00075
2019-08-06,-0.013869811313294289
2019-08-07,0.020203526386269433
2019-08-08,0.0010232427227642171
2019-08-09,-0.004323379670190974
2019-08-10,-0.02144968622002502
2019-08-11,0.007466742956020678
2019-08-12,-0.006116303692246194
2019-08-13,-0.021382849174264362
2019-08-14,-0.0387362170085947
2019-08-15,0.012925246280428127
2019-08-16,0.0030448354483993967
2019-08-17,-0.0068725099945694534
2019-08-18,0.004824149227322689
2019-08-19,0.0
2019-08-20,0.0
2019-08-21,0.0
2019-08-22,0.0
2019-08-23,0.0
2019-08-24,0.0
2019-08-25,0.0
2019-08-26,0.0
2019-08-27,0.0
2019-08-28,0.0
2019-08-29,0.0
2019-08-30,0.0
2019-08-31,0.0
2019-09-01,0.0
2019-09-02,0.0
2019-09-03,0.0
2019-09-04,0.0
2019-09-05,0.0
2019-09-06,0.0
2019-09-07,0.0
2019-09-08,0.0
2019-09-09,0.0
2019-09-10,0.0
2019-09-11,0.0
2019-09-12,0.0
2019-09-13,0.0
2019-09-14,0.0
2019-09-15,0.0
2019-09-16,0.0
2019-09-17,0.0
2019-09-18,0.0
2019-09-19,0.0
2019-09-20,0.0
2019-09-21,0.0
2019-09-22,0.0
2019-09-23,0.0
2019-09-24,0.0
2019-09-25,0.0
2019-09-26,0.0
2019-09-27,0.0
2019-09-28,0.0
2019-09-29,0.0
2019-09-30,0.0
2019-10-01,0.0
2019-10-02,0.0
2019-10-03,0.0
2019-10-04,0.0
2019-10-05,0.0
2019-10-06,0.0
2019-10-07,0.0
2019-10-08,0.0
2019-10-09,0.0
2019-10-10,0.0
2019-10-11,0.0
2019-10-12,0.0
2019-10-13,0.0
2019-10-14,0.0
2019-10-15,0.0
2019-10-16,0.0
2019-10-17,0.0
2019-10-18,0.0
2019-10-19,0.0
2019-10-20,0.0
2019-10-21,0.0
2019-10-22,0.0
2019-10-23,0.0
2019-10-24,0.0
2019-10-25,0.0
2019-10-26,0.0
2019-10-27,0.0
2019-10-28,0.0
2019-10-29,0.0
2019-10-30,0.0
2019-10-31,0.0
2019-11-01,0.0
2019-11-02,0.0
2019-11-03,0.0
2019-11-04,0.0
2019-11-05,0.0
2019-11-06,0.0
2019-11-07,0.0
2019-11-08,0.0
2019-11-09,0.0
2019-11-10,0.0
2019-11-11,0.0
2019-11-12,0.0
2019-11-13,0.0
2019-11-14,0.0
2019-11-15,0.0
2019-11-16,0.0
2019-11-17,0.0
2019-11-18,0.0
2019-11-19,0.0
2019-11-20,0.0
2019-11-21,0.0
2019-11-22,0.0
2019-11-23,0.0
2019-11-24,0.0
2019-11-25,0.0
2019-11-26,0.0
2019-11-27,0.0
2019-11-28,0.0
2019-11-29,0.0
2019-11-30,0.0
2019-12-01,0.0
2019-12-02,0.0
2019-12-03,0.0
2019-12-04,0.0
2019-12-05,0.0
2019-12-06,0.0
2019-12-07,0.0
2019-12-08,0.0
2019-12-09,0.0
2019-12-10,0.0
2019-12-11,0.0
2019-12-12,0.0
2019-12-13,0.0
2019-12-14,0.0
2019-12-15,0.0
2019-12-16,0.0
2019-12-17,0.0
2019-12-18,0.0
2019-12-19,0.0
2019-12-20,0.0
2019-12-21,0.0
2019-12-22,0.0
2019-12-23,0.0
2019-12-24,0.0
2019-12-25,0.0
2019-12-26,0.0
2019-12-27,0.0
2019-12-28,0.0
2019-12-29,0.0
2019-12-30,0.0
2019-12-31,0.0
2020-01-01,0.0
2020-01-02,0.0
2020-01-03,0.0
2020-01-04,0.0
2020-01-05,0.0
2020-01-06,0.0
2020-01-07,0.0
2020-01-08,0.0
2020-01-09,0.0
2020-01-10,0.0
2020-01-11,0.0
2020-01-12,0.0
2020-01-13,0.0
2020-01-14,-0.00075
2020-01-15,-0.0011755043371304286
2020-01-16,-0.0047249013563219755
2020-01-17,0.011013924366202327
2020-01-18,0.014196943653671523
2020-01-19,-0.03791454485435594
2020-01-20,-0.003541225711237799
2020-01-21,0.012805731327318992
2020-01-22,-0.007850941901557884
2020-01-23,-0.0332436961313079
2020-01-24,0.0
2020-01-25,0.0
2020-01-26,-0.0015
2020-01-27,0.026693291592400192
2020-01-28,0.04109527362260701
2020-01-29,-0.005983910955490168
2020-01-30,0.037859027864332706
2020-01-31,-0.02059691159128446
2020-02-01,0.01201616364050051
2020-02-02,0.010875238026084089
2020-02-03,0.0005864420624228095
2020-02-04,-0.007673882150814326
2020-02-05,0.06312827541326849
2020-02-06,0.025905076558257023
2020-02-07,0.02785740504187828
2020-02-08,0.004474718389494758
2020-02-09,0.024921166020976826
2020-02-10,-0.02391252160686158
2020-02-11,0.04541473615890579
2020-02-12,0.06842662046031467
2020-02-13,-0.00033383929376101795
2020-02-14,0.03484450203766343
2020-02-15,-0.05478012267891874
2020-02-16,-0.006854281900579795
2020-02-17,0.0001497762903373001
2020-02-18,0.052563005076763036
2020-02-19,-0.06440949098137022
2020-02-20,-0.004785558970724246
2020-02-21,0.01888784046871561
2020-02-22,-0.007354387358921133
2020-02-23,0.03529309525068802
2020-02-24,-0.02941515778907905
2020-02-25,-0.04878377736784273
2020-02-26,-0.07256005305480906
2020-02-27,-0.0004147580994464377
2020-02-28,1.566945225084382e-05
2020-02-29,-0.015240725090829133
2020-03-01,-0.0019966308000386457
2020-03-02,0.026485706076219695
2020-03-03,-0.013206759890206199
2020-03-04,8.542876765726959e-05
2020-03-05,0.010578690779831534
2020-03-06,0.031092649512108994
2020-03-07,-0.011646027566812656
2020-03-08,-0.07887394194795702
2020-03-09,0.0
2020-03-10,0.0
2020-03-11,0.0
2020-03-12,0.0
2020-03-13,0.0
2020-03-14,0.0
2020-03-15,0.0
2020-03-16,0.0
2020-03-17,0.0
2020-03-18,0.0
2020-03-19,0.0
2020-03-20,0.0
2020-03-21,0.0
2020-03-22,0.0
2020-03-23,0.0
2020-03-24,0.0
2020-03-25,0.0
2020-03-26,0.0
2020-03-27,0.0
2020-03-28,0.0
2020-03-29,0.0
2020-03-30,0.0
2020-03-31,0.0
2020-04-01,0.0
2020-04-02,0.0
2020-04-03,0.0
2020-04-04,0.0
2020-04-05,0.0
2020-04-06,0.0
2020-04-07,0.0
2020-04-08,0.0
2020-04-09,0.0
2020-04-10,0.0
2020-04-11,0.0
2020-04-12,0.0
2020-04-13,0.0
2020-04-14,0.0
2020-04-15,0.0
2020-04-16,-0.00075
2020-04-17,-0.0015067611551094484
2020-04-18,0.044498803520990005
2020-04-19,-0.014175092653095855
2020-04-20,-0.025652626884426044
2020-04-21,0.0012784394188517512
2020-04-22,0.02854580742850099
2020-04-23,0.0066514285004422025
2020-04-24,0.011371943118475447
2020-04-25,0.01658861833704095
2020-04-26,0.004608921902077845
2020-04-27,-0.0002351767324308418
2020-04-28,0.0030185409485066206
2020-04-29,0.0460025263944909
2020-04-30,-0.029678896589299675
2020-05-01,0.027844890631297137
2020-05-02,0.009566474953622395
2020-05-03,-0.01526811947781792
2020-05-04,-0.005686938387010121
2020-05-05,0.0017106882384095856
2020-05-06,0.008181742722882468
2020-05-07,0.05700599314512855
2020-05-08,-0.003815320766594299
2020-05-09,-0.01590376741453059
2020-05-10,-0.09799484902072303
2020-05-11,-0.015952644023659923
2020-05-12,0.02092452370239184
2020-05-13,0.052532457551036194
2020-05-14,0.03444021213533632
2020-05-15,-0.038880844695902195
2020-05-16,0.015535528492448436
2020-05-17,0.03181125161160503
2020-05-18,0.020666335668137137
2020-05-19,-0.0023764570323454026
2020-05-20,-0.01844726020698506
2020-05-21,-0.04747179943070501
2020-05-22,0.023775015848163328
2020-05-23,0.00513544881040362
2020-05-24,-0.03789586460662109
2020-05-25,0.013917501151048506
2020-05-26,-0.012357392737774253
2020-05-27,0.03681793676330691
2020-05-28,0.04505217487993596
2020-05-29,-0.0026485686329990044
2020-05-30,0.06294116189255483
2020-05-31,-0.03579537533817251
2020-06-01,0.07199233149910633
2020-06-02,-0.051132282706300436
2020-06-03,0.021329311601011813
2020-06-04,0.00795765264356152
2020-06-05,-0.013447533799694877
2020-06-06,0.0008570959661232669
2020-06-07,0.012135031731167922
2020-06-08,0.002977793100942816
2020-06-09,-0.001599946730738322
2020-06-10,0.00896954838488917
2020-06-11,-0.05958614014808322
2020-06-12,0.02102739309981827
2020-06-13,0.0026868011149682736
2020-06-14,-0.014702915402673544
2020-06-15,-0.005535150322821647
2020-06-16,0.014377845238228937
2020-06-17,-0.005988674726937371
2020-06-18,-0.00559756352536428
2020-06-19,-0.017269162114967096
2020-06-20,0.0070878882906088014
2020-06-21,-0.002158552486138554
2020-06-22,0.048117871512876276
2020-06-23,0.002329314214827183
2020-06-24,-0.03355113903968093
2020-06-25,-0.00861693272549463
2020-06-26,-0.013281734005301887
2020-06-27,-0.014604237779245077
2020-06-28,0.00535384101878611
2020-06-29,0.006318469157587936
2020-06-30,-0.004119000068181111
2020-07-01,0.010601207189131934
2020-07-02,-0.003723756321138416
2020-07-03,-0.00947989206995406
2020-07-04,0.0
2020-07-05,0.0
2020-07-06,-0.00075
2020-07-07,-0.005040566691886628
2020-07-08,0.015883028853017844
2020-07-09,-0.007406752546913253
2020-07-10,-0.004178702000827206
2020-07-11,-0.003167849390468269
2020-07-12,0.005582432680470761
2020-07-13,-0.005218462606779606
2020-07-14,0.0012664810596284548
2020-07-15,-0.003721652111456697
2020-07-16,-0.010029723149014291
2020-07-17,-0.00185711804545724
2020-07-18,0.005822665448759756
2020-07-19,0.006377760231126128
2020-07-20,-0.0048940841236408406
2020-07-21,0.018766550684087502
2020-07-22,0.03429643929383977
2020-07-23,0.026758772620179894
2020-07-24,0.005933510083085569
2020-07-25,0.0518356998545082
2020-07-26,0.020970328994467602
2020-07-27,0.07397300900881709
2020-07-28,-0.011103757588018404
2020-07-29,0.01101905428626393
2020-07-30,0.02624804886559806
2020-07-31,0.025941661149028183
2020-08-01,0.07662203393529265
2020-08-02,-0.048874907998687156
2020-08-03,0.029792710684753754
2020-08-04,0.0028355438796818233
2020-08-05,0.03916903876791267
2020-08-06,-0.006858980481750154
2020-08-07,-0.02712578950105682
2020-08-08,0.0256454610719703
2020-08-09,-0.006969384609478435
2020-08-10,0.014760522494472683
2020-08-11,-0.03926334683290783
2020-08-12,0.021628444445677575
2020-08-13,0.012871626960752725
2020-08-14,-0.0006477678295571665
2020-08-15,0.05293203310930439
2020-08-16,0.0021993524585162127
2020-08-17,0.010297482240066214
2020-08-18,-0.01756136355330251
2020-08-19,-0.03001870696180403
2020-08-20,0.01737823470673394
2020-08-21,-0.04482773397456874
2020-08-22,0.012473531502264601
2020-08-23,-0.006348502964570901
2020-08-24,0.026115008384507865
2020-08-25,-0.04692175832424189
2020-08-26,0.008586600039474535
2020-08-27,-0.01213939375168599
2020-08-28,0.026978626025672248
2020-08-29,0.0035676021243919442
2020-08-30,0.044491916749234584
2020-08-31,0.006491165647682373
2020-09-01,0.06063392407588586
2020-09-02,-0.062034199541515234
2020-09-03,-0.11297415966809077
2020-09-04,0.015587632903476006
2020-09-05,-0.06823215757012169
2020-09-06,0.026997229508698095
2020-09-07,-0.0017245960334453519
2020-09-08,0.0
2020-09-09,0.0
2020-09-10,0.0
2020-09-11,0.0
2020-09-12,0.0
2020-09-13,0.0
2020-09-14,0.0
2020-09-15,0.0
2020-09-16,0.0
2020-09-17,0.0
2020-09-18,0.0
2020-09-19,0.0
2020-09-20,0.0
2020-09-21,0.0
2020-09-22,0.0
2020-09-23,0.0
2020-09-24,0.0
2020-09-25,0.0
2020-09-26,0.0
2020-09-27,0.0
2020-09-28,0.0
2020-09-29,0.0
2020-09-30,0.0
2020-10-01,0.0
2020-10-02,0.0
2020-10-03,0.0
2020-10-04,0.0
2020-10-05,0.0
2020-10-06,0.0
2020-10-07,0.0
2020-10-08,0.0
2020-10-09,-0.00075
2020-10-10,0.010479674841350706
2020-10-11,0.003887115592847712
2020-10-12,0.006768367810669613
2020-10-13,-0.014036205484464104
2020-10-14,-0.0020808091269148843
2020-10-15,0.00018963669614857626
2020-10-16,-0.022388370642769884
2020-10-17,0.005175323865522885
2020-10-18,0.018198884577590446
2020-10-19,0.01353951626636396
2020-10-20,-0.006789250906749256
2020-10-21,0.06929747026141919
2020-10-22,0.03306054328400765
2020-10-23,-0.006165899181874712
2020-10-24,0.010108799443816485
2020-10-25,-0.010497103739742275
2020-10-26,-0.013484834759096398
2020-10-27,0.03497193064759441
2020-10-28,-0.03301557156606655
2020-10-29,0.0038056997490364397
2020-10-30,-0.0010130949405569023
2020-10-31,0.013578774166911334
2020-11-01,0.011041112103337802
2020-11-02,-0.023446005538444614
2020-11-03,0.020553731183402646
2020-11-04,0.025329680175629088
2020-11-05,0.06598658100704402
2020-11-06,0.048640308633695395
2020-11-07,-0.04441580535348921
2020-11-08,0.042242436815729145
2020-11-09,-0.015109782918765358
2020-11-10,0.004859555472108645
2020-11-11,0.02818803194195385
2020-11-12,0.016198985459107806
2020-11-13,0.016047070226955618
2020-11-14,-0.02290071895319129
2020-11-15,-0.017183444042491447
2020-11-16,0.037664461063303345
2020-11-17,0.049994652908391335
2020-11-18,0.0035822544728503214
2020-11-19,-0.00782222553094214
2020-11-20,0.06297569790111002
2020-11-21,0.03954399429726241
2020-11-22,0.0005071902670704675
2020-11-23,0.044983107862064775
2020-11-24,0.01649485156826358
2020-11-25,-0.03731922436308932
2020-11-26,-0.08767229840483914
2020-11-27,-0.0024910163352537817
2020-11-28,0.03783379701267031
2020-11-29,0.04784617034109262
2020-11-30,0.07378091973143264
2020-12-01,-0.04334146138529199
2020-12-02,0.019974361182929057
2020-12-03,0.021700941580772737
2020-12-04,-0.057565442569628866
2020-12-05,0.03607459837578564
2020-12-06,0.009436167439942356
2020-12-07,-0.012328549500106645
2020-12-08,-0.05395026864375663
2020-12-09,0.023160747098845302
2020-12-10,-0.01981840260317763
2020-12-11,-0.018042645234510934
2020-12-12,0.04147948985425809
2020-12-13,0.02755871841316282
2020-12-14,-0.0003734189798660359
2020-12-15,0.007281141393656654
2020-12-16,0.08848584659789194
2020-12-17,0.040321865063609796
2020-12-18,0.016585371339079225
2020-12-19,0.019240793413458634
2020-12-20,-0.02415384673793819
2020-12-21,-0.036662922897681194
2020-12-22,0.04201487303560181
2020-12-23,-0.05166468043954903
2020-12-24,0.034532943260498716
2020-12-25,0.03166825547802121
2020-12-26,0.04344978615242634
2020-12-27,0.0336913257523902
2020-12-28,0.05044136721884851
2020-12-29,0.005893764503870802
2020-12-30,0.04075500445005997
2020-12-31,-0.006403423747119663
2021-01-01,0.0013816950928705607
2021-01-02,0.07709932127610597
2021-01-03,0.13992770120817777
2021-01-04,0.020819202474063214
2021-01-05,0.060328899327126595
2021-01-06,0.09033971578621502
2021-01-07,0.042268921990781805
2021-01-08,0.017512823567270186
2021-01-09,0.01657602343374842
2021-01-10,-0.030925833886599086
2021-01-11,-0.10453916730319274
2021-01-12,-0.044531362151070064
2021-01-13,0.09185156386621285
2021-01-14,0.06385495235455496
2021-01-15,-0.04926695826066663
2021-01-16,0.017539715546412704
2021-01-17,-0.006710695812326861
2021-01-18,0.02273556351775341
2021-01-19,0.040080915711165066
2021-01-20,-0.005429482268097474
2021-01-21,-0.16072071268039229
2021-01-22,0.08660236592238935
2021-01-23,-0.01644418768482414
2021-01-24,0.06869694424005401
2021-01-25,-0.02295020216124466
2021-01-26,0.015466713855506242
2021-01-27,-0.07108171308391936
2021-01-28,0.08148191031906282
2021-01-29,0.03147707711835712
2021-01-30,-0.003000092875591276
2021-01-31,-0.03906491912421589
2021-02-01,0.02693738395906997
2021-02-02,0.08279479676784918
2021-02-03,0.07570785880529696
2021-02-04,-0.027198603153668732
2021-02-05,0.05533789619007767
2021-02-06,0.002832477973352232
2021-02-07,-0.023575364553853673
2021-02-08,0.13473927427533006
2021-02-09,0.00921209057738237
2021-02-10,-0.0235406765985281
2021-02-11,0.04463408751951803
2021-02-12,0.012522359814524042
2021-02-13,-0.01218307141465591
2021-02-14,0.014620441901850634
2021-02-15,-0.014931724154542414
2021-02-16,0.013444572619366713
2021-02-17,0.048889627674493785
2021-02-18,0.019572926400862112
2021-02-19,0.04657770952527296
2021-02-20,-0.00847295351913474
2021-02-21,0.017023251055942934
2021-02-22,-0.06863891320606913
2021-02-23,-0.10907574367805245
2021-02-24,0.026971629922701745
2021-02-25,-0.07264679299061494
2021-02-26,-0.0180591373305794
2021-02-27,0.0031872960211656864
2021-02-28,-0.027166663893272908
2021-03-01,0.04977506483069016
2021-03-02,-0.012615575208617613
2021-03-03,0.022316045115229
2021-03-04,-0.019560209526244765
2021-03-05,0.003769868290844136
2021-03-06,-0.000152499962707775
2021-03-07,0.022703276464418526
2021-03-08,0.042528221992359616
2021-03-09,0.03374823708435848
2021-03-10,-0.00763493049757058
2021-03-11,0.023549856449372575
2021-03-12,-0.018901795216688222
2021-03-13,0.07715965514785583
2021-03-14,-0.03406103076921968
2021-03-15,-0.04557343402444414
2021-03-16,0.012289651964379256
2021-03-17,0.022744437058990208
2021-03-18,-0.019726018311894467
2021-03-19,0.013965764233407452
2021-03-20,-0.0016554124662080394
2021-03-21,-0.013511002726681598
2021-03-22,-0.05311584705193845
2021-03-23,-0.0018259317105899786
2021-03-24,-0.043334377455204964
2021-03-25,-0.009527925556581052
2021-03-26,0.06613604627649242
2021-03-27,0.007582860493610122
2021-03-28,-0.0002033557203010572
2021-03-29,0.01533069805023149
2021-03-30,0.017348047685134427
2021-03-31,0.01959987824421816
2021-04-01,0.01685735925583043
2021-04-02,0.044404958858135
2021-04-03,-0.04177350061918644
2021-04-04,0.02597093186473365
2021-04-05,0.0060739020716867875
2021-04-06,-0.00483901367759465
2021-04-07,-0.05318423924058119
2021-04-08,0.0501000271001667
2021-04-09,-0.004618459544577902
2021-04-10,0.02869367401421752
2021-04-11,0.008526142345050558
2021-04-12,-0.006828705257128087
2021-04-13,0.06749272182498689
2021-04-14,0.026457343109501263
2021-04-15,0.018868719761719555
2021-04-16,-0.03105230216493088
2021-04-17,-0.025116340625887523
2021-04-18,-0.05978790727493294
2021-04-19,-0.0202321664187608
2021-04-20,0.044578104978374555
2021-04-21,-0.015315632276880764
2021-04-22,-0.012434415009845962
2021-04-23,-0.008310475320455035
2021-04-24,-0.03214614991893816
2021-04-25,0.0236101990855081
2021-04-26,0.04715382407029656
2021-04-27,0.025327356257963896
2021-04-28,0.015681380696659253
2021-04-29,0.001911050373177181
2021-04-30,0.002961709536659196
2021-05-01,0.031134633634419595
2021-05-02,0.0010460915469223675
2021-05-03,0.08113499133398672
2021-05-04,-0.025860130374025903
2021-05-05,0.04136207307114981
2021-05-06,-0.004528057663689522
2021-05-07,-0.0008810905375241651
2021-05-08,0.059214325885505154
2021-05-09,-0.001502731331813223
2021-05-10,-0.017386919101516796
2021-05-11,0.03493898442741328
2021-05-12,-0.11327860293113837
2021-05-13,-0.009337422604964729
2021-05-14,0.04897637274421085
2021-05-15,-0.05404868908178845
2021-05-16,-0.006956313570130768
2021-05-17,-0.042523746729774714
2021-05-18,0.01487819312974259
2021-05-19,-0.1360017494992229
2021-05-20,0.06575724251395165
2021-05-21,-0.06351210627284981
2021-05-22,-0.028503341088199213
2021-05-23,0.0
2021-05-24,0.0
2021-05-25,0.0
2021-05-26,0.0
2021-05-27,0.0
2021-05-28,0.0
2021-05-29,0.0
2021-05-30,0.0
2021-05-31,0.0
2021-06-01,0.0
2021-06-02,0.0
2021-06-03,0.0
2021-06-04,0.0
2021-06-05,0.0
2021-06-06,0.0
2021-06-07,0.0
2021-06-08,0.0
2021-06-09,0.0
2021-06-10,0.0
2021-06-11,0.0
2021-06-12,0.0
2021-06-13,0.0
2021-06-14,0.0
2021-06-15,0.0
2021-06-16,0.0
2021-06-17,0.0
2021-06-18,0.0
2021-06-19,0.0
2021-06-20,0.0
2021-06-21,0.0
2021-06-22,0.0
2021-06-23,0.0
2021-06-24,0.0
2021-06-25,0.0
2021-06-26,0.0
2021-06-27,0.0
2021-06-28,0.0
2021-06-29,0.0
2021-06-30,0.0
2021-07-01,0.0
2021-07-02,0.0
2021-07-03,0.0
2021-07-04,0.0
2021-07-05,0.0
2021-07-06,0.0
2021-07-07,0.0
2021-07-08,0.0
2021-07-09,0.0
2021-07-10,0.0
2021-07-11,0.0
2021-07-12,0.0
2021-07-13,0.0
2021-07-14,0.0
2021-07-15,0.0
2021-07-16,0.0
2021-07-17,0.0
2021-07-18,0.0
2021-07-19,0.0
2021-07-20,0.0
2021-07-21,0.0
2021-07-22,0.0
2021-07-23,0.0
2021-07-24,0.0
2021-07-25,0.0
2021-07-26,0.0
2021-07-27,0.0
2021-07-28,0.0
2021-07-29,-0.00075
2021-07-30,0.01806096585873318
2021-07-31,0.01403518533616488
2021-08-01,0.005055203937896158
2021-08-02,0.009427021297823246
2021-08-03,-0.020650863709813172
2021-08-04,0.044412323091083006
2021-08-05,0.018848326953287975
2021-08-06,0.011249625242421235
2021-08-07,0.046057144715574316
2021-08-08,-0.022726506584711093
2021-08-09,0.024820194787817745
2021-08-10,-0.012545206133482478
2021-08-11,0.0036838340053056973
2021-08-12,-0.032622849691563954
2021-08-13,0.045053394497682225
2021-08-14,-0.01582904646420047
2021-08-15,0.006369452303226608
2021-08-16,-0.03433806584436422
2021-08-17,-0.03666812890656168
2021-08-18,0.0020535924339015743
2021-08-19,0.048309479585661896
2021-08-20,0.044432869559909105
2021-08-21,-0.013651494215510207
2021-08-22,0.0067394597195579165
2021-08-23,0.014172630302966449
2021-08-24,-0.04068235563269995
2021-08-25,0.02141782703086026
2021-08-26,-0.03993089081563522
2021-08-27,0.05000405076049419
2021-08-28,-0.005597668411194745
2021-08-29,-0.003423600027679663
2021-08-30,-0.0185810919306858
2021-08-31,0.033651945826255525
2021-09-01,0.07621792623051948
2021-09-02,-0.000795357907108496
2021-09-03,0.026805839921561603
2021-09-04,-0.007504784646407858
2021-09-05,0.026377945597337416
2021-09-06,0.005497835859070266
2021-09-07,-0.11920294412805932
2021-09-08,0.0026614848838664162
2021-09-09,-0.006749324587381533
2021-09-10,-0.04773490365294886
2021-09-11,0.012687715668333266
2021-09-12,0.03091596628481663
2021-09-13,-0.030214665546165476
2021-09-14,0.04554199507094425
2021-09-15,0.03864444122644195
2021-09-16,-0.010162221030611929
2021-09-17,-0.029584438995416906
2021-09-18,0.015618358103867358
2021-09-19,-0.025487691020568748
2021-09-20,-0.10310745153206172
2021-09-21,-0.03362644490472874
2021-09-22,0.0
2021-09-23,0.0
2021-09-24,0.0
2021-09-25,0.0
2021-09-26,0.0
2021-09-27,0.0
2021-09-28,0.0
2021-09-29,0.0
2021-09-30,0.0
2021-10-01,0.0
2021-10-02,0.0
2021-10-03,0.0
2021-10-04,-0.00075
2021-10-05,0.02370297177693495
2021-10-06,0.046151947327015774
2021-10-07,-0.013013128318235645
2021-10-08,-0.0018704201342976678
2021-10-09,0.0109459473129776
2021-10-10,-0.022744516608076137
2021-10-11,0.04220950495965026
2021-10-12,-0.020001176327969883
2021-10-13,0.02840145714982456
2021-10-14,0.0242378872005099
2021-10-15,0.04738610428978418
2021-10-16,-0.009871689724644972
2021-10-17,0.007614081245224447
2021-10-18,-0.0089438236337121
2021-10-19,0.03521510670631267
2021-10-20,0.049357548829910614
2021-10-21,-0.0408913351840724
2021-10-22,-0.02257651748503603
2021-10-23,0.031152299123237914
2021-10-24,-0.013808188361581042
2021-10-25,0.03320380139808532
2021-10-26,-0.031511507638669445
2021-10-27,-0.039892739064377125
2021-10-28,0.06371864262185623
2021-10-29,0.028105609531583475
2021-10-30,-0.012815689439985345
2021-10-31,-0.008947391959249151
2021-11-01,0.0016972272689405599
2021-11-02,0.048292010971189625
2021-11-03,0.00041503577338070086
2021-11-04,-0.019634551013219426
2021-11-05,-0.008285936076644573
2021-11-06,0.007225181402423675
2021-11-07,0.025568164247286695
2021-11-08,0.05420198681261157
2021-11-09,-0.012405707866568305
2021-11-10,-0.02519971930071918
2021-11-11,0.009812061250158932
2021-11-12,-0.01280002215356607
2021-11-13,0.000766796408837922
2021-11-14,0.005036525006762382
2021-11-15,-0.022021300392329024
2021-11-16,-0.06414675352391175
2021-11-17,0.010165116689572984
2021-11-18,-0.061836940251225436
2021-11-19,0.04753983230606107
2021-11-20,0.026556883180229862
2021-11-21,-0.024742568207740873
2021-11-22,-0.021227933432448387
2021-11-23,0.03085587796606648
2021-11-24,-0.011608791891484449
2021-11-25,0.004099258186046395
2021-11-26,-0.029270336388108248
2021-11-27,0.0
2021-11-28,0.0
2021-11-29,0.0
2021-11-30,-0.00075
2021-12-01,-0.0048028573390425655
2021-12-02,-0.008250251436131395
2021-12-03,-0.03220761189125271
2021-12-04,-0.01197887037368578
2021-12-05,0.008806238998724708
2021-12-06,-0.00075
2021-12-07,-0.005010166476802136
2021-12-08,0.014402594213266617
2021-12-09,-0.03673965517272357
2021-12-10,0.0
2021-12-11,0.0
2021-12-12,0.0
2021-12-13,0.0
2021-12-14,0.0
2021-12-15,0.0
2021-12-16,0.0
2021-12-17,0.0
2021-12-18,0.0
2021-12-19,0.0
2021-12-20,0.0
2021-12-21,0.0
2021-12-22,0.0
2021-12-23,0.0
2021-12-24,0.0
2021-12-25,0.0
2021-12-26,0.0
2021-12-27,0.0
2021-12-28,0.0
2021-12-29,0.0
2021-12-30,0.0
2021-12-31,0.0
2022-01-01,0.0
2022-01-02,0.0
2022-01-03,0.0
2022-01-04,0.0
2022-01-05,0.0
2022-01-06,0.0
2022-01-07,0.0
2022-01-08,0.0
2022-01-09,0.0
2022-01-10,0.0
2022-01-11,0.0
2022-01-12,0.0
2022-01-13,0.0
2022-01-14,0.0
2022-01-15,0.0
2022-01-16,0.0
2022-01-17,0.0
2022-01-18,0.0
2022-01-19,0.0
2022-01-20,0.0
2022-01-21,0.0
2022-01-22,0.0
2022-01-23,0.0
2022-01-24,0.0
2022-01-25,0.0
2022-01-26,0.0
2022-01-27,0.0
2022-01-28,0.0
2022-01-29,0.0
2022-01-30,0.0
2022-01-31,0.0
2022-02-01,0.0
2022-02-02,0.0
2022-02-03,0.0
2022-02-04,0.0
2022-02-05,0.0
2022-02-06,0.0
2022-02-07,0.0
2022-02-08,0.0
2022-02-09,0.0
2022-02-10,0.0
2022-02-11,0.0
2022-02-12,0.0
2022-02-13,0.0
2022-02-14,0.0
2022-02-15,0.0
2022-02-16,0.0
2022-02-17,0.0
2022-02-18,0.0
2022-02-19,0.0
2022-02-20,0.0
2022-02-21,0.0
2022-02-22,0.0
2022-02-23,0.0
2022-02-24,0.0
2022-02-25,0.0
2022-02-26,0.0
2022-02-27,0.0
2022-02-28,0.0
2022-03-01,0.0
2022-03-02,0.0
2022-03-03,0.0
2022-03-04,0.0
2022-03-05,0.0
2022-03-06,0.0
2022-03-07,0.0
2022-03-08,0.0
2022-03-09,0.0
2022-03-10,0.0
2022-03-11,0.0
2022-03-12,0.0
2022-03-13,0.0
2022-03-14,0.0
2022-03-15,0.0
2022-03-16,0.0
2022-03-17,0.0
2022-03-18,0.0
2022-03-19,0.0
2022-03-20,0.0
2022-03-21,0.0
2022-03-22,0.0
2022-03-23,0.0
2022-03-24,0.0
2022-03-25,0.0
2022-03-26,0.0
2022-03-27,0.0
2022-03-28,-0.00075
2022-03-29,0.003583057720120908
2022-03-30,-0.004245860347429853
2022-03-31,-0.016941043065294287
2022-04-01,-0.00075
2022-04-02,-0.0006512090798745929
2022-04-03,0.010537763310047882
2022-04-04,0.0015941840875620672
2022-04-05,-0.028480709348056577
2022-04-06,0.0
2022-04-07,0.0
2022-04-08,0.0
2022-04-09,0.0
2022-04-10,0.0
2022-04-11,0.0
2022-04-12,0.0
2022-04-13,0.0
2022-04-14,0.0
2022-04-15,0.0
2022-04-16,0.0
2022-04-17,0.0
2022-04-18,0.0
2022-04-19,0.0
2022-04-20,0.0
2022-04-21,0.0
2022-04-22,0.0
2022-04-23,0.0
2022-04-24,0.0
2022-04-25,0.0
2022-04-26,0.0
2022-04-27,0.0
2022-04-28,0.0
2022-04-29,0.0
2022-04-30,0.0
2022-05-01,0.0
2022-05-02,0.0
2022-05-03,0.0
2022-05-04,0.0
2022-05-05,0.0
2022-05-06,0.0
2022-05-07,0.0
2022-05-08,0.0
2022-05-09,0.0
2022-05-10,0.0
2022-05-11,0.0
2022-05-12,0.0
2022-05-13,0.0
2022-05-14,0.0
2022-05-15,0.0
2022-05-16,0.0
2022-05-17,0.0
2022-05-18,0.0
2022-05-19,0.0
2022-05-20,0.0
2022-05-21,0.0
2022-05-22,0.0
2022-05-23,0.0
2022-05-24,0.0
2022-05-25,0.0
2022-05-26,0.0
2022-05-27,0.0
2022-05-28,0.0
2022-05-29,0.0
2022-05-30,0.0
2022-05-31,0.0
2022-06-01,0.0
2022-06-02,0.0
2022-06-03,0.0
2022-06-04,0.0
2022-06-05,0.0
2022-06-06,0.0
2022-06-07,0.0
2022-06-08,0.0
2022-06-09,0.0
2022-06-10,0.0
2022-06-11,0.0
2022-06-12,0.0
2022-06-13,0.0
2022-06-14,0.0
2022-06-15,0.0
2022-06-16,0.0
2022-06-17,0.0
2022-06-18,0.0
2022-06-19,0.0
2022-06-20,0.0
2022-06-21,0.0
2022-06-22,0.0
2022-06-23,0.0
2022-06-24,0.0
2022-06-25,0.0
2022-06-26,0.0
2022-06-27,0.0
2022-06-28,0.0
2022-06-29,0.0
2022-06-30,0.0
2022-07-01,0.0
2022-07-02,0.0
2022-07-03,0.0
2022-07-04,0.0
2022-07-05,0.0
2022-07-06,0.0
2022-07-07,0.0
2022-07-08,0.0
2022-07-09,0.0
2022-07-10,0.0
2022-07-11,0.0
2022-07-12,0.0
2022-07-13,0.0
2022-07-14,0.0
2022-07-15,0.0
2022-07-16,0.0
2022-07-17,0.0
2022-07-18,0.0
2022-07-19,0.0
2022-07-20,0.0
2022-07-21,0.0
2022-07-22,0.0
2022-07-23,0.0
2022-07-24,0.0
2022-07-25,0.0
2022-07-26,0.0
2022-07-27,0.0
2022-07-28,0.0
2022-07-29,0.0
2022-07-30,0.0
2022-07-31,0.0
2022-08-01,0.0
2022-08-02,0.0
2022-08-03,0.0
2022-08-04,0.0
2022-08-05,0.0
2022-08-06,0.0
2022-08-07,0.0
2022-08-08,0.0
2022-08-09,0.0
2022-08-10,0.0
2022-08-11,0.0
2022-08-12,0.0
2022-08-13,0.0
2022-08-14,0.0
2022-08-15,0.0
2022-08-16,0.0
2022-08-17,0.0
2022-08-18,0.0
2022-08-19,0.0
2022-08-20,0.0
2022-08-21,0.0
2022-08-22,0.0
2022-08-23,0.0
2022-08-24,0.0
2022-08-25,0.0
2022-08-26,0.0
2022-08-27,0.0
2022-08-28,0.0
2022-08-29,0.0
2022-08-30,0.0
2022-08-31,0.0
2022-09-01,0.0
2022-09-02,0.0
2022-09-03,0.0
2022-09-04,0.0
2022-09-05,0.0
2022-09-06,0.0
2022-09-07,0.0
2022-09-08,0.0
2022-09-09,0.0
2022-09-10,0.0
2022-09-11,0.0
2022-09-12,0.0
2022-09-13,0.0
2022-09-14,0.0
2022-09-15,0.0
2022-09-16,0.0
2022-09-17,0.0
2022-09-18,0.0
2022-09-19,0.0
2022-09-20,0.0
2022-09-21,0.0
2022-09-22,0.0
2022-09-23,0.0
2022-09-24,0.0
2022-09-25,0.0
2022-09-26,0.0
2022-09-27,0.0
2022-09-28,0.0
2022-09-29,0.0
2022-09-30,0.0
2022-10-01,0.0
2022-10-02,0.0
2022-10-03,0.0
2022-10-04,0.0
2022-10-05,0.0
2022-10-06,0.0
2022-10-07,0.0
2022-10-08,0.0
2022-10-09,0.0
2022-10-10,0.0
2022-10-11,0.0
2022-10-12,0.0
2022-10-13,0.0
2022-10-14,0.0
2022-10-15,0.0
2022-10-16,0.0
2022-10-17,0.0
2022-10-18,0.0
2022-10-19,0.0
2022-10-20,0.0
2022-10-21,0.0
2022-10-22,0.0
2022-10-23,0.0
2022-10-24,0.0
2022-10-25,0.0
2022-10-26,-0.00075
2022-10-27,-0.016658012889250784
2022-10-28,0.013570953056068813
2022-10-29,0.020643360685094647
2022-10-30,-0.008926085364415859
2022-10-31,-0.005679233461084232
2022-11-01,0.0022222982804852576
2022-11-02,-0.018988589909417652
2022-11-03,0.0038921434031686797
2022-11-04,0.036321044901353045
2022-11-05,-0.0020021543733611535
2022-11-06,-0.02623587065371627
2022-11-07,-0.0011586934529896342
2022-11-08,-0.07589885833602952
2022-11-09,0.0
2022-11-10,0.0
2022-11-11,0.0
2022-11-12,0.0
2022-11-13,0.0
2022-11-14,0.0
2022-11-15,0.0
2022-11-16,0.0
2022-11-17,0.0
2022-11-18,0.0
2022-11-19,0.0
2022-11-20,0.0
2022-11-21,0.0
2022-11-22,0.0
2022-11-23,0.0
2022-11-24,0.0
2022-11-25,0.0
2022-11-26,0.0
2022-11-27,0.0
2022-11-28,0.0
2022-11-29,0.0
2022-11-30,0.0
2022-12-01,0.0
2022-12-02,0.0
2022-12-03,0.0
2022-12-04,0.0
2022-12-05,0.0
2022-12-06,0.0
2022-12-07,0.0
2022-12-08,0.0
2022-12-09,0.0
2022-12-10,0.0
2022-12-11,0.0
2022-12-12,0.0
2022-12-13,0.0
2022-12-14,0.0
2022-12-15,0.0
2022-12-16,0.0
2022-12-17,0.0
2022-12-18,0.0
2022-12-19,0.0
2022-12-20,0.0
2022-12-21,0.0
2022-12-22,0.0
2022-12-23,0.0
2022-12-24,0.0
2022-12-25,0.0
2022-12-26,0.0
2022-12-27,0.0
2022-12-28,0.0
2022-12-29,0.0
2022-12-30,0.0
2022-12-31,0.0
2023-01-01,0.0
2023-01-02,0.0
2023-01-03,0.0
2023-01-04,0.0
2023-01-05,0.0
2023-01-06,0.0
2023-01-07,0.0
2023-01-08,0.0
2023-01-09,0.0
2023-01-10,0.0
2023-01-11,-0.00075
2023-01-12,0.010059536340080194
2023-01-13,0.03943231191381702
2023-01-14,0.06092090251125304
2023-01-15,-0.0017048417938516636
2023-01-16,0.014759839370430683
2023-01-17,-0.003041475905726676
2023-01-18,-0.02786115190713845
2023-01-19,0.021842525945417246
2023-01-20,0.07221851368295429
2023-01-21,-0.007602944187215299
2023-01-22,-0.0008674789104785585
2023-01-23,0.0046695449397801125
2023-01-24,-0.028497109981031443
2023-01-25,0.02833403870862239
2023-01-26,-0.0045097380418606114
2023-01-27,-0.000546197657072145
2023-01-28,-0.009079310870029278
2023-01-29,0.03958222989543925
2023-01-30,-0.0435952157893168
2023-01-31,0.012676585575827737
2023-02-01,0.03004419037085848
2023-02-02,-0.004867750883556676
2023-02-03,0.0060628254543348414
2023-02-04,-0.001809962000382026
2023-02-05,-0.018683042439661623
2023-02-06,-0.008978223182257272
2023-02-07,0.02832473639667077
2023-02-08,-0.013348304293188729
2023-02-09,-0.056005782327445186
2023-02-10,-0.014053600678308964
2023-02-11,0.013343957088861602
2023-02-12,-0.009972510782413402
2023-02-13,-0.0021399459446740376
2023-02-14,0.02595309530523704
2023-02-15,0.08449512954951521
2023-02-16,-0.02413787346312879
2023-02-17,0.036621447038114874
2023-02-18,0.0006658384708445597
2023-02-19,-0.009432708956387037
2023-02-20,0.01662305463141256
2023-02-21,-0.021018326049700442
2023-02-22,-0.009528935891249979
2023-02-23,-0.0026026716889213097
2023-02-24,-0.02857720319650814
2023-02-25,-0.004674175679669379
2023-02-26,0.022714466399194277
2023-02-27,-0.0027915595132591564
2023-02-28,-0.01668013896845233
2023-03-01,0.028697797810065984
2023-03-02,-0.008461216834435514
2023-03-03,-0.04742192082244023
2023-03-04,-0.0009235262501874342
2023-03-05,0.001054395232866323
2023-03-06,-0.0006918794596215126
2023-03-07,0.0
2023-03-08,0.0
2023-03-09,0.0
2023-03-10,0.0
2023-03-11,0.0
2023-03-12,0.0
2023-03-13,0.0
2023-03-14,0.0
2023-03-15,-0.0015
2023-03-16,0.02023356066717319
2023-03-17,0.08168628658684107
2023-03-18,-0.016949823939215458
2023-03-19,0.026679887269555835
2023-03-20,-0.01891300523081013
2023-03-21,0.027941172473374465
2023-03-22,-0.034517079037340026
2023-03-23,0.04143716221025118
2023-03-24,-0.03255172921722971
2023-03-25,-0.002337117387409271
2023-03-26,0.018236103226743627
2023-03-27,-0.03221673627583915
2023-03-28,0.01907092150726175
2023-03-29,0.025510862234411125
2023-03-30,-0.005627558493533191
2023-03-31,0.016103187188982848
2023-04-01,-0.0034239319497655907
2023-04-02,-0.0087299412311449
2023-04-03,-0.003191303945040136
2023-04-04,0.023566019242771907
2023-04-05,0.010359687383733274
2023-04-06,-0.011853556531242482
2023-04-07,-0.004054073354747667
2023-04-08,-0.003932296594067963
2023-04-09,0.00956600165128163
2023-04-10,0.037227740441223456
2023-04-11,0.004839510655958168
2023-04-12,0.005941307178919331
2023-04-13,0.02825101134276964
2023-04-14,0.0235354738810154
2023-04-15,-0.004923632057791838
2023-04-16,0.006528694224860299
2023-04-17,-0.024675676375604694
2023-04-18,0.022988144425809653
2023-04-19,-0.06585014088651742
2023-04-20,-0.008275640592513733
2023-04-21,-0.041110285939185864
2023-04-22,0.016457626766760547
2023-04-23,-0.007310022705430241
2023-04-24,-0.006380506766565763
2023-04-25,0.020720725942176332
2023-04-26,0.0019823516322563517
2023-04-27,0.02980037290763682
2023-04-28,-0.006527950417075934
2023-04-29,0.0027700175124973914
2023-04-30,-0.008032447401418674
2023-05-01,-0.032090379006070535
2023-05-02,0.021082193768035773
2023-05-03,0.014729659101900161
2023-05-04,-0.009808014861030723
2023-05-05,0.04315174152576062
2023-05-06,-0.034429945866302825
2023-05-07,-0.014920761916988823
2023-05-08,-0.019782396400071456
2023-05-09,-0.0022597742310326283
2023-05-10,0.0
2023-05-11,0.0
2023-05-12,0.0
2023-05-13,0.0
2023-05-14,0.0
2023-05-15,0.0
2023-05-16,0.0
2023-05-17,0.0
2023-05-18,0.0
2023-05-19,0.0
2023-05-20,0.0
2023-05-21,0.0
2023-05-22,0.0
2023-05-23,0.0
2023-05-24,0.0
2023-05-25,0.0
2023-05-26,0.0
2023-05-27,0.0
2023-05-28,0.0
2023-05-29,0.0
2023-05-30,-0.00075
2023-05-31,-0.007074107460911083
2023-06-01,-0.003182538411006741
2023-06-02,0.012097290884178213
2023-06-03,-0.003891481395484231
2023-06-04,-0.0005017323817718689
2023-06-05,-0.020810535641361316
2023-06-06,0.02005335589925139
2023-06-07,-0.013823035189377775
2023-06-08,0.0037944605825614985
2023-06-09,-0.0016456386807244816
2023-06-10,-0.02461676687480821
2023-06-11,0.0
2023-06-12,0.0
2023-06-13,0.0
2023-06-14,0.0
2023-06-15,0.0
2023-06-16,0.0
2023-06-17,0.0
2023-06-18,0.0
2023-06-19,0.0
2023-06-20,0.0
2023-06-21,-0.00075
2023-06-22,-0.0019151697341635021
2023-06-23,0.013091406737034905
2023-06-24,-0.0031408183452487906
2023-06-25,0.0053952987291724375
2023-06-26,-0.0142364690789486
2023-06-27,0.015028010071478692
2023-06-28,-0.02614082892671976
2023-06-29,0.012602631668875985
2023-06-30,0.022379116600912408
2023-07-01,-0.0003792446790906179
2023-07-02,0.0038458981514116752
2023-07-03,0.013379417736512189
2023-07-04,-0.010875783303903097
2023-07-05,-0.011003771998836731
2023-07-06,-0.026123314059500247
2023-07-07,0.013178486631524766
2023-07-08,-0.002172683783016549
2023-07-09,-0.002680300819416115
2023-07-10,0.008740177730328869
2023-07-11,0.002804083968789395
2023-07-12,-0.005400582039638668
2023-07-13,0.05373512518326029
2023-07-14,-0.034877080865349686
2023-07-15,-0.0026624097442352612
2023-07-16,-0.002785554337329632
2023-07-17,-0.004834845897241924
2023-07-18,-0.008472811081789378
2023-07-19,-0.0013031259441708132
2023-07-20,-0.00151853303541305
2023-07-21,0.002252811087401607
2023-07-22,-0.00946867174154703
2023-07-23,0.0117617473290208
2023-07-24,-0.025456608874066755
2023-07-25,0.002956844931655378
2023-07-26,0.00456308895967922
2023-07-27,0.0
2023-07-28,0.0
2023-07-29,0.0
2023-07-30,0.0
2023-07-31,0.0
2023-08-01,0.0
2023-08-02,0.0
2023-08-03,0.0
2023-08-04,0.0
2023-08-05,0.0
2023-08-06,0.0
2023-08-07,0.0
2023-08-08,0.0
2023-08-09,0.0
2023-08-10,0.0
2023-08-11,0.0
2023-08-12,0.0
2023-08-13,0.0
2023-08-14,0.0
2023-08-15,0.0
2023-08-16,0.0
2023-08-17,0.0
2023-08-18,0.0
2023-08-19,0.0
2023-08-20,0.0
2023-08-21,0.0
2023-08-22,0.0
2023-08-23,0.0
2023-08-24,0.0
2023-08-25,0.0
2023-08-26,0.0
2023-08-27,0.0
2023-08-28,0.0
2023-08-29,0.0
2023-08-30,0.0
2023-08-31,0.0
2023-09-01,0.0
2023-09-02,0.0
2023-09-03,0.0
2023-09-04,0.0
2023-09-05,0.0
2023-09-06,0.0
2023-09-07,0.0
2023-09-08,0.0
2023-09-09,0.0
2023-09-10,0.0
2023-09-11,0.0
2023-09-12,0.0
2023-09-13,0.0
2023-09-14,0.0
2023-09-15,0.0
2023-09-16,0.0
2023-09-17,0.0
2023-09-18,0.0
2023-09-19,0.0
2023-09-20,0.0
2023-09-21,0.0
2023-09-22,0.0
2023-09-23,0.0
2023-09-24,0.0
2023-09-25,0.0
2023-09-26,0.0
2023-09-27,0.0
2023-09-28,0.0
2023-09-29,0.0
2023-09-30,0.0
2023-10-01,-0.00075
2023-10-02,-0.008843366433373884
2023-10-03,0.0
2023-10-04,0.0
2023-10-05,0.0
2023-10-06,-0.00075
2023-10-07,0.00039793916654773387
2023-10-08,-0.0006033373477625781
2023-10-09,-0.007039777319161915
2023-10-10,0.0
2023-10-11,0.0
2023-10-12,0.0
2023-10-13,0.0
2023-10-14,0.0
2023-10-15,0.0
2023-10-16,-0.00075
2023-10-17,-0.0018183814744446303
2023-10-18,-0.0015380025766831285
2023-10-19,0.0069094229487977055
2023-10-20,0.016767925525680294
2023-10-21,0.003966290413983442
2023-10-22,0.0012615117620702332
2023-10-23,0.05079942842609789
2023-10-24,0.017717533003495545
2023-10-25,0.009697687463073534
2023-10-26,-0.0003612808032409931
2023-10-27,-0.010263570473122485
2023-10-28,0.0016881419154562982
2023-10-29,0.011911130035194395
2023-10-30,0.003526775700299245
2023-10-31,0.004156832909777419
2023-11-01,0.0195292874450419
2023-11-02,-0.019619672971045
2023-11-03,0.005987329173776479
2023-11-04,0.011830511912090946
2023-11-05,0.009344909821918435
2023-11-06,0.0013282684138401502
2023-11-07,0.0027138801913115795
2023-11-08,0.003303927748492419
2023-11-09,0.07575008698193342
2023-11-10,-0.0015070148359271895
2023-11-11,-0.008510375683435267
2023-11-12,-0.0029579839238313976
2023-11-13,-0.0049867866100906655
2023-11-14,-0.03175526798768158
2023-11-15,0.0535184509407034
2023-11-16,-0.04693187835145002
2023-11-17,0.006213185177961211
2023-11-18,0.0003609653837070015
2023-11-19,0.023658020519618184
2023-11-20,0.0034529548439411473
2023-11-21,-0.04324781053347315
2023-11-22,0.055470444523404994
2023-11-23,-0.0024426865169895895
2023-11-24,0.01036701393712669
2023-11-25,0.0017976587352074302
2023-11-26,-0.009270154121047702
2023-11-27,-0.011693237509306897
2023-11-28,0.013149096503144886
2023-11-29,-0.004373187515020416
2023-11-30,0.0036484390610727058
2023-12-01,0.02136453034718322
2023-12-02,0.028999443745389097
2023-12-03,0.012820518494243927
2023-12-04,0.036322773736087055
2023-12-05,0.036302579448377004
2023-12-06,-0.01734456444471949
2023-12-07,0.02302529023275912
2023-12-08,0.010337737609727449
2023-12-09,-0.008709740628963292
2023-12-10,0.0030248355934645588
2023-12-11,-0.056142514010932676
2023-12-12,-0.002564253662766025
2023-12-13,0.030684795726096947
2023-12-14,0.013923542483411433
2023-12-15,-0.03370453537969553
2023-12-16,0.005410751541164771
2023-12-17,-0.017198551366175152
2023-12-18,0.019949828339398845
2023-12-19,-0.013026000237652713
2023-12-20,0.021862688078539638
2023-12-21,0.011029499050229208
2023-12-22,0.020887151897687528
2023-12-23,-0.0066924120401705145
2023-12-24,-0.01765759399748623
2023-12-25,0.008455531855895648
2023-12-26,-0.0215695042048083
2023-12-27,0.04384674756527707
2023-12-28,-0.015932788188009916
2023-12-29,-0.01618222848097095
2023-12-30,-0.0011916434186608482
2023-12-31,-0.0010267199517640102
2024-01-01,0.03803121438207424
2024-01-02,0.009696263057120236
2024-01-03,-0.054254536756178695
2024-01-04,0.028720426444927005
2024-01-05,-0.00028114910795751236
2024-01-06,-0.007919945194632627
2024-01-07,-0.004708158769081372
2024-01-08,0.059227244094667286
2024-01-09,-0.0063158499183716965
2024-01-10,0.05588451789024795
2024-01-11,0.004485140624567285
2024-01-12,-0.05607007378003942
2024-01-13,0.010200685729531644
2024-01-14,-0.03245970842106505
2024-01-15,0.01647408514244808
2024-01-16,0.0227587087235126
2024-01-17,-0.016239158850849145
2024-01-18,-0.030202306854719113
2024-01-19,0.004556060870541057
2024-01-20,-0.0039986967212006785
2024-01-21,-0.003173812384840269
2024-01-22,-0.029154801008064946
2024-01-23,-0.015176488800480115
2024-01-24,-0.001589730374479792
2024-01-25,-0.004298478337864091
2024-01-26,0.0
2024-01-27,0.0
2024-01-28,0.0
2024-01-29,0.0
2024-01-30,0.0
2024-01-31,0.0
2024-02-01,0.0
2024-02-02,0.0
2024-02-03,-0.00075
2024-02-04,-0.004752795127222598
2024-02-05,0.0008815971209072959
2024-02-06,0.00499319194277259
2024-02-07,0.014315446002566179
2024-02-08,0.010344106209384557
2024-02-09,0.034339899020565334
2024-02-10,0.009374682361900533
2024-02-11,0.0067380554264078185
2024-02-12,0.047249214201574574
2024-02-13,-0.00515625478448678
2024-02-14,0.04663317662934219
2024-02-15,0.009444607174347142
2024-02-16,-0.0015285769966619234
2024-02-17,-0.007801216963553237
2024-02-18,0.021013116435029455
2024-02-19,0.007920951211094152
2024-02-20,0.016761735072772233
2024-02-21,-0.011421272094900514
2024-02-22,-0.00504282459878197
2024-02-23,-0.013889597793985187
2024-02-24,0.020374516231482342
2024-02-25,0.021674837977890382
2024-02-26,0.03760652504938078
2024-02-27,0.03380985356488109
2024-02-28,0.06922506805949968
2024-02-29,-0.01691651542229694
2024-03-01,0.024083622473695443
2024-03-02,-0.005182255371519673
2024-03-03,0.019242621690847783
2024-03-04,0.060839394261827495
2024-03-05,-0.043535995390622695
2024-03-06,0.05523664092594682
2024-03-07,0.01340840718954217
2024-03-08,0.012555713730513784
2024-03-09,0.004455925338732736
2024-03-10,-0.0005683390280018519
2024-03-11,0.04635247000118492
2024-03-12,-0.015050381019591108
2024-03-13,0.01449638104940243
2024-03-14,-0.026930718526109176
2024-03-15,-0.0330024281909434
2024-03-16,-0.0578822742403724
2024-03-17,0.04051173999442825
2024-03-18,-0.023236461484076043
2024-03-19,-0.09293457692144735
2024-03-20,0.10479848716322804
2024-03-21,-0.020736963601134084
2024-03-22,-0.035878493237819775
2024-03-23,0.0026579212197577196
2024-03-24,0.04244600878514815
2024-03-25,0.03998180964805087
2024-03-26,-0.00026301935845529645
2024-03-27,-0.015983960438853084
2024-03-28,0.018023288829200235
2024-03-29,-0.012970521382343725
2024-03-30,-0.0023205659414443636
2024-03-31,0.03206317050195595
2024-04-01,-0.03101245950159287
2024-04-02,-0.06301945640648055
2024-04-03,0.00854726806591824
2024-04-04,0.01915733715434509
2024-04-05,-0.004898632748647991
2024-04-06,0.007801475794103507
2024-04-07,0.0033851061651321013
2024-04-08,0.015604687270491496
2024-04-09,-0.0431229004790013
2024-04-10,0.015980323899363547
2024-04-11,-0.009165470737316717
2024-04-12,-0.05859765188254021
2024-04-13,-0.025108615950816204
2024-04-14,0.015020414646410019
2024-04-15,-0.0183386732487478
2024-04-16,0.0
2024-04-17,0.0
2024-04-18,0.0
2024-04-19,0.0
2024-04-20,0.0
2024-04-21,0.0
2024-04-22,0.0
2024-04-23,0.0
2024-04-24,0.0
2024-04-25,0.0
2024-04-26,0.0
2024-04-27,0.0
2024-04-28,0.0
2024-04-29,0.0
2024-04-30,0.0
2024-05-01,0.0
2024-05-02,0.0
2024-05-03,0.0
2024-05-04,0.0
2024-05-05,0.0
2024-05-06,0.0
2024-05-07,0.0
2024-05-08,0.0
2024-05-09,0.0
2024-05-10,0.0
2024-05-11,0.0
2024-05-12,0.0
2024-05-13,0.0
2024-05-14,0.0
2024-05-15,0.0
2024-05-16,0.0
2024-05-17,-0.00075
2024-05-18,-0.0008282430796408002
2024-05-19,-0.004947911320781706
2024-05-20,0.03825084675383797
2024-05-21,0.007941808448022614
2024-05-22,-0.014104061207562912
2024-05-23,-0.003315306988978528
2024-05-24,-0.0022273440661321753
2024-05-25,0.008390277456371997
2024-05-26,0.004825129270621731
2024-05-27,0.015035549786895697
2024-05-28,-0.014561951472283341
2024-05-29,-0.015290639082564839
2024-05-30,0.0036502062707478022
2024-05-31,-0.004643831296513412
2024-06-01,0.008680784999864577
2024-06-02,-0.0039058371117502433
2024-06-03,0.005853918763806587
2024-06-04,0.01893500000597692
2024-06-05,0.010435562096644646
2024-06-06,-0.009103773584472563
2024-06-07,-0.027439675203845992
2024-06-08,5.000165071161744e-05
2024-06-09,0.0058585059330029665
2024-06-10,-0.0062612834547736695
2024-06-11,-0.03864402079392837
2024-06-12,0.015510748807260888
2024-06-13,-0.02356802423620208
2024-06-14,-0.003998264037498922
2024-06-15,0.013614270459741062
2024-06-16,0.010349144930521997
2024-06-17,-0.015078375369026287
2024-06-18,-0.003943986509483688
2024-06-19,0.010110056895739211
2024-06-20,0.0
2024-06-21,0.0
2024-06-22,0.0
2024-06-23,0.0
2024-06-24,0.0
2024-06-25,0.0
2024-06-26,0.0
2024-06-27,0.0
2024-06-28,0.0
2024-06-29,0.0
2024-06-30,0.0
2024-07-01,0.0
2024-07-02,0.0
2024-07-03,0.0
2024-07-04,0.0
2024-07-05,0.0
2024-07-06,0.0
2024-07-07,0.0
2024-07-08,0.0
2024-07-09,0.0
2024-07-10,0.0
2024-07-11,0.0
2024-07-12,0.0
2024-07-13,0.0
2024-07-14,0.0
2024-07-15,0.0
2024-07-16,0.0
2024-07-17,0.0
2024-07-18,0.0
2024-07-19,-0.0015
2024-07-20,0.005333008133564854
2024-07-21,0.009835907478816242
2024-07-22,-0.017774909244664183
2024-07-23,-0.006220570469606834
2024-07-24,-0.025878913150507082
2024-07-25,0.0030983439449542294
2024-07-26,0.016227799140219767
2024-07-27,-0.0007268493651033103
2024-07-28,0.0032628267277353684
2024-07-29,-0.010518873114262361
2024-07-30,-0.004631103982803253
2024-07-31,-0.01269669407923521
2024-08-01,0.0
2024-08-02,0.0
2024-08-03,0.0
2024-08-04,0.0
2024-08-05,0.0
2024-08-06,0.0
2024-08-07,0.0
2024-08-08,0.0
2024-08-09,0.0
2024-08-10,0.0
2024-08-11,0.0
2024-08-12,0.0
2024-08-13,0.0
2024-08-14,0.0
2024-08-15,0.0
2024-08-16,0.0
2024-08-17,0.0
2024-08-18,0.0
2024-08-19,0.0
2024-08-20,0.0
2024-08-21,0.0
2024-08-22,0.0
2024-08-23,0.0
2024-08-24,0.0
2024-08-25,-0.00075
2024-08-26,-0.012041819436004325
2024-08-27,0.0
2024-08-28,0.0
2024-08-29,0.0
2024-08-30,0.0
2024-08-31,0.0
2024-09-01,0.0
2024-09-02,0.0
2024-09-03,0.0
2024-09-04,0.0
2024-09-05,0.0
2024-09-06,0.0
2024-09-07,0.0
2024-09-08,0.0
2024-09-09,0.0
2024-09-10,0.0
2024-09-11,0.0
2024-09-12,0.0
2024-09-13,0.0
2024-09-14,0.0
2024-09-15,0.0
2024-09-16,0.0
2024-09-17,0.0
2024-09-18,0.0
2024-09-19,-0.00075
2024-09-20,0.0020060095695043634
2024-09-21,0.0015972001588409057
2024-09-22,0.0020023013918125665
2024-09-23,-0.002505215770962077
2024-09-24,0.007675413807491704
2024-09-25,-0.009010776352130045
2024-09-26,0.016136943225915967
2024-09-27,0.004676521984227411
2024-09-28,0.0007370888965227973
2024-09-29,-0.001914931255279917
2024-09-30,-0.01756531721872706
2024-10-01,-0.020428731889243185
2024-10-02,0.0
2024-10-03,0.0
2024-10-04,0.0
2024-10-05,0.0
2024-10-06,0.0
2024-10-07,0.0
2024-10-08,0.0
2024-10-09,0.0
2024-10-10,0.0
2024-10-11,0.0
2024-10-12,-0.00075
2024-10-13,-0.0027032110249520236
2024-10-14,0.025415141323603008
2024-10-15,0.007532455918863423
2024-10-16,0.0042631576091122225
2024-10-17,-0.0015743138474241802
2024-10-18,0.007559036155331822
2024-10-19,-0.0004096531072526055
2024-10-20,0.004673405248512119
2024-10-21,-0.011839229383929506
2024-10-22,-4.7870693283103005e-05
2024-10-23,-0.006897157575376789
2024-10-24,0.013012177348177723
2024-10-25,-0.01114010518345776
2024-10-26,0.002793168747969088
2024-10-27,0.006823884150164883
2024-10-28,0.014562610783180996
2024-10-29,0.020117502801397014
2024-10-30,-0.0026192849862725076
2024-10-31,-0.014683231910358419
2024-11-01,-0.0052176446959871225
2024-11-02,-0.0013902296909462097
2024-11-03,-0.003955598903816082
2024-11-04,-0.006761647257796821
2024-11-05,0.011414412125046791
2024-11-06,0.04526781327658158
2024-11-07,0.0010068994931200787
2024-11-08,0.0157393506457848
2024-11-09,0.03002398683712526
2024-11-10,0.03367568603860194
2024-11-11,0.07986451238374914
2024-11-12,-0.023249635668816604
2024-11-13,0.006676259013420949
2024-11-14,-0.039332129127276017
2024-11-15,0.029072647344706937
2024-11-16,0.0020849654441672527
2024-11-17,-0.013128236333756982
2024-11-18,0.025368183617580753
2024-11-19,-0.005090480090794103
2024-11-20,0.004507018993758105
2024-11-21,0.06908883472084004
2024-11-22,-0.0018794347604148554
2024-11-23,0.0035347316796092154
2024-11-24,-0.00358448943533346
2024-11-25,-0.01764013259702002
2024-11-26,-0.018745896623604374
2024-11-27,0.07133016340372911
2024-11-28,-0.01220243793107545
2024-11-29,0.011367523102030264
2024-11-30,0.010418869530563424
2024-12-01,0.005043298482010683
2024-12-02,-0.0162925250919686
2024-12-03,-0.002508687775353846
2024-12-04,0.044874142869299916
2024-12-05,-0.014957293890195233
2024-12-06,0.04278022178395691
2024-12-07,-0.00037604506640559476
2024-12-08,0.0069446493404106135
2024-12-09,-0.05460995560573917
2024-12-10,-0.015564624118381554
2024-12-11,0.050931711838427485
2024-12-12,0.0009744005752711504
2024-12-13,0.010696961237457225
2024-12-14,-0.005896696830519632
2024-12-15,0.02522772604657242
2024-12-16,0.012794912906572309
2024-12-17,-0.01210603882526129
2024-12-18,-0.06320372489845394
2024-12-19,-0.040500511944698836
2024-12-20,0.009350030342203164
2024-12-21,-0.022202786319517054
2024-12-22,-0.01984416532782418
2024-12-23,0.018139351828086264
2024-12-24,0.021068837362528847
2024-12-25,0.0031572760213575135
2024-12-26,-0.017642017294455248
2024-12-27,-0.008511130307358172
2024-12-28,0.005304906598683656
2024-12-29,-0.009333627512357917
2024-12-30,0.0
2024-12-31,0.0
2025-01-01,0.0
2025-01-02,0.0
2025-01-03,0.0
2025-01-04,0.0
2025-01-05,-0.00075
2025-01-06,0.018388115656736176
2025-01-07,-0.06762132923814176
2025-01-08,-0.009694229119531828
2025-01-09,-0.014214812705503815
2025-01-10,0.0
2025-01-11,0.0
2025-01-12,0.0
2025-01-13,0.0
2025-01-14,0.0
2025-01-15,-0.00075
2025-01-16,-0.003719158802773903
2025-01-17,0.023582995737125634
2025-01-18,-0.0002583489553349416
2025-01-19,-0.015891783510833868
2025-01-20,0.004585317000184386
2025-01-21,0.020239834521396993
2025-01-22,-0.011744142911310096
2025-01-23,0.0014813955690979874
2025-01-24,0.004132894524588759
2025-01-25,-0.0005000936595586092
2025-01-26,-0.009703267036007046
2025-01-27,-0.0028963344062786223
2025-01-28,-0.0036988548978615365
2025-01-29,0.011697804396120337
2025-01-30,0.004976179786837065
2025-01-31,-0.011124595487549738
2025-02-01,-0.008540212736766029
2025-02-02,-0.014737964589014718
2025-02-03,0.019021816929841284
2025-02-04,-0.017423157090465602
2025-02-05,-0.006418463054766177
2025-02-06,-0.0008645997500529017
2025-02-07,0.0
2025-02-08,0.0
2025-02-09,0.0
2025-02-10,0.0
2025-02-11,0.0
2025-02-12,0.0
2025-02-13,0.0
2025-02-14,0.0
2025-02-15,0.0
2025-02-16,0.0
2025-02-17,0.0
2025-02-18,0.0
2025-02-19,0.0
2025-02-20,0.0
2025-02-21,0.0
2025-02-22,0.0
2025-02-23,0.0
2025-02-24,0.0
2025-02-25,0.0
2025-02-26,0.0
2025-02-27,0.0
2025-02-28,0.0
2025-03-01,0.0
2025-03-02,0.0
2025-03-03,0.0
2025-03-04,0.0
2025-03-05,0.0
2025-03-06,0.0
2025-03-07,0.0
2025-03-08,0.0
2025-03-09,0.0
2025-03-10,0.0
2025-03-11,0.0
2025-03-12,0.0
2025-03-13,0.0
2025-03-14,0.0
2025-03-15,0.0
2025-03-16,0.0
2025-03-17,0.0
2025-03-18,0.0
2025-03-19,0.0
2025-03-20,0.0
2025-03-21,0.0
2025-03-22,0.0
2025-03-23,0.0
2025-03-24,0.0
2025-03-25,0.0
2025-03-26,0.0
2025-03-27,0.0
2025-03-28,0.0
2025-03-29,0.0
2025-03-30,0.0
2025-03-31,0.0
2025-04-01,0.0
2025-04-02,0.0
2025-04-03,0.0
2025-04-04,0.0
2025-04-05,0.0
2025-04-06,0.0
2025-04-07,0.0
2025-04-08,0.0
2025-04-09,0.0
2025-04-10,0.0
2025-04-11,0.0
2025-04-12,0.0
2025-04-13,0.0
2025-04-14,0.0
2025-04-15,0.0
2025-04-16,0.0
2025-04-17,0.0
2025-04-18,0.0
2025-04-19,0.0
2025-04-20,0.0
2025-04-21,0.0
2025-04-22,-0.00075
2025-04-23,0.001376362460478342
2025-04-24,0.0013056699887250556
2025-04-25,0.004133879276199126
2025-04-26,-0.00038835261344455363
2025-04-27,-0.00471268001696451
2025-04-28,0.006527159971431162
2025-04-29,-0.0036532427370812304
2025-04-30,-0.0004108845618400747
2025-05-01,0.01212765612478195
2025-05-02,0.002164573543393722
2025-05-03,-0.005253688075747109
2025-05-04,-0.008216673258658103
2025-05-05,0.002290580078468607
2025-05-06,0.010841521574300073
2025-05-07,0.0011871669434819765
2025-05-08,0.03199522555654155
2025-05-09,-0.0013105736958479164
2025-05-10,0.007628475808584862
2025-05-11,-0.01754371602293761
2025-05-12,-0.006211927543604168
2025-05-13,0.005848680357822295
2025-05-14,-0.016097281442671307
2025-05-15,-0.011117128135483267
2025-05-16,-0.0033036767783603538
2025-05-17,-0.014126095011926881
2025-05-18,0.01502134818215975
2025-05-19,0.0022461385212853013
2025-05-20,0.00462285752131425
2025-05-21,0.019097817853819143
2025-05-22,0.030999083259153015
2025-05-23,-0.04548124536336967
2025-05-24,0.0031778934078886545
2025-05-25,0.009943851949901994
2025-05-26,0.004281825233796277
2025-05-27,0.017254947024646805
2025-05-28,-0.001875434011789634
2025-05-29,-0.01925921292776639
2025-05-30,-0.027284330554458114
2025-05-31,0.0029054257875223977
2025-06-01,0.00626457977152306
2025-06-02,0.015049479508239538
2025-06-03,-0.004770523254154779
2025-06-04,-0.0003599341162863756
2025-06-05,-0.051936431557857765
2025-06-06,0.026457540930281076
2025-06-07,0.015821646742188444
2025-06-08,-0.0022679069943432606
2025-06-09,0.05526927717916119
2025-06-10,0.024445878504936014
2025-06-11,-0.014228914367834133
2025-06-12,-0.03463160412593724
2025-06-13,-0.01286974680148778
2025-06-14,-0.011839839901293336
2025-06-15,0.003020669772336171
2025-06-16,0.004672791285520728
2025-06-17,-0.016152847560774786
2025-06-18,0.004045383050129914
2025-06-19,-0.001473342407329381
2025-06-20,-0.02923933920692179
2025-06-21,-0.02877672039175122
2025-06-22,0.0
2025-06-23,0.0
2025-06-24,0.0
2025-06-25,-0.00075
2025-06-26,-0.0018687258888992475
2025-06-27,0.0006003503922490383
2025-06-28,0.0011171746166761531
2025-06-29,0.004928209941524764
2025-06-30,-0.005767537029453984
2025-07-01,-0.006706733932015041
2025-07-02,0.014953156190154693
2025-07-03,0.0028723580932245316
2025-07-04,-0.023276614629672232
2025-07-05,0.002657433802488396
2025-07-06,0.015341055863728359
2025-07-07,-0.009755407367331437
2025-07-08,0.01725615729845631
2025-07-09,0.04058827647068486
2025-07-10,0.054148230891751914
2025-07-11,0.007109214119702001
2025-07-12,-0.0028791699713104912
2025-07-13,0.01232965122007823
2025-07-14,0.009804330854740528
2025-07-15,0.012350054444607794
2025-07-16,0.040964067419798966
2025-07-17,0.017934492667024737
2025-07-18,0.004994915758614771
2025-07-19,0.006248953000616453
2025-07-20,0.020125402578984153
2025-07-21,0.001110093306942006
2025-07-22,0.008991647327593888
2025-07-23,-0.0210979902939622
2025-07-24,0.009157091597732314
2025-07-25,-0.0004953242059322349
2025-07-26,0.0032193224535507214
2025-07-27,0.024251290570021622
2025-07-28,-0.0177103835317447
2025-07-29,0.0007860946796081625
2025-07-30,0.0015580470058835227
2025-07-31,-0.023435083623913777
2025-08-01,-0.038710458348193144
2025-08-02,-0.017205919991177987
2025-08-03,0.0229335235321666
2025-08-04,0.03542125747683256
2025-08-05,-0.018440177385581125
2025-08-06,0.013853586474116164
2025-08-07,0.04200349218744892
2025-08-08,0.008762604434739252
2025-08-09,0.030833716068730976
2025-08-10,0.010944428464187583
2025-08-11,-0.005613843255198148
2025-08-12,0.04912216214069043
2025-08-13,0.031202571758869424
2025-08-14,-0.04208292260729313
2025-08-15,-0.01595312894460499
2025-08-16,-0.0011589060965301878
2025-08-17,0.005156695869485306
2025-08-18,-0.02308130301661998
2025-08-19,-0.04242911464185384
2025-08-20,0.03843806837642716
2025-08-21,-0.021707283887420742
2025-08-22,0.07199960348511603
2025-08-23,-0.0057187312892412745
2025-08-24,0.00037237348532570547
2025-08-25,-0.042540750035094776
2025-08-26,0.026004986389067453
2025-08-27,-0.01054618444933314
2025-08-28,0.0004202201127934124
2025-08-29,-0.01631005927828766
2025-08-30,0.0016054908707252569
2025-08-31,0.0018135798187510765
2025-09-01,-0.008604598180844414
2025-09-02,0.0012626591142648191
2025-09-03,0.014452317278004334
2025-09-04,-0.01703724525386735
2025-09-05,0.0009589671734270278
2025-09-06,-0.0038015965699986776
2025-09-07,0.003638727637429784
2025-09-08,0.0003164261745607355
2025-09-09,0.00011249320431661047
2025-09-10,0.0046535375567560155
2025-09-11,0.01288611370475734
2025-09-12,0.028468918611809002
2025-09-13,-0.005740886127349991
2025-09-14,-0.00861550002851591
2025-09-15,-0.008817559258087582
2025-09-16,0.0034875372633229595
2025-09-17,0.008296465697896271
2025-09-18,0.0025643233449093583
2025-09-19,-0.01914564194863233
2025-09-20,0.0014121855316853171
2025-09-21,-0.005247814903018289
2025-09-22,-0.03899802690295112
2025-09-23,-0.00770122609092444
2025-09-24,0.0036713219432889807
2025-09-25,-0.01963023545513734
2025-09-26,0.0
2025-09-27,0.0
2025-09-28,0.0
2025-09-29,0.0
2025-09-30,0.0
2025-10-01,-0.00075
2025-10-02,0.008564473188501842
2025-10-03,0.0065680164778043615
2025-10-04,-0.00010020648003713985
2025-10-05,0.00736468933116774
2025-10-06,0.024100292103239607
2025-10-07,-0.038468775107447895
2025-10-08,0.01642932240913142
2025-10-09,-0.024189192265987258
2025-10-10,-0.09584455679368467
2025-10-11,-0.011378009317356136
2025-10-12,-0.00075
2025-10-13,0.0004398342440019576
2025-10-14,-0.009336288285824168
2025-10-15,-0.011073231185368265
2025-10-16,0.0
2025-10-17,0.0
2025-10-18,0.0
2025-10-19,0.0
2025-10-20,0.0
2025-10-21,0.0
2025-10-22,0.0
2025-10-23,0.0
2025-10-24,0.0
2025-10-25,0.0
2025-10-26,0.0
2025-10-27,0.0
2025-10-28,0.0
2025-10-29,0.0
2025-10-30,0.0
2025-10-31,0.0
2025-11-01,0.0
2025-11-02,0.0
2025-11-03,0.0
2025-11-04,0.0
2025-11-05,0.0
2025-11-06,0.0
2025-11-07,0.0
2025-11-08,0.0
2025-11-09,0.0
2025-11-10,0.0
2025-11-11,0.0
2025-11-12,0.0
2025-11-13,0.0
2025-11-14,0.0
2025-11-15,0.0
2025-11-16,0.0
2025-11-17,0.0
2025-11-18,0.0
2025-11-19,0.0
2025-11-20,0.0
2025-11-21,0.0
2025-11-22,0.0
2025-11-23,0.0
2025-11-24,0.0
2025-11-25,0.0
2025-11-26,0.0
2025-11-27,0.0
2025-11-28,0.0
2025-11-29,0.0
2025-11-30,0.0
2025-12-01,0.0
2025-12-02,0.0
2025-12-03,0.0
2025-12-04,0.0
2025-12-05,0.0
2025-12-06,0.0
2025-12-07,0.0
2025-12-08,0.0
2025-12-09,0.0
2025-12-10,0.0
2025-12-11,0.0
2025-12-12,0.0
2025-12-13,0.0
2025-12-14,0.0
2025-12-15,0.0
2025-12-16,0.0
2025-12-17,0.0
2025-12-18,0.0
2025-12-19,0.0
2025-12-20,0.0
2025-12-21,0.0
2025-12-22,0.0
2025-12-23,0.0
2025-12-24,0.0
2025-12-25,0.0
2025-12-26,0.0
2025-12-27,0.0
2025-12-28,0.0
2025-12-29,0.0
2025-12-30,0.0
2025-12-31,0.0
2026-01-01,0.0
2026-01-02,0.0
2026-01-03,0.0
2026-01-04,0.0
2026-01-05,0.0
2026-01-06,0.0
2026-01-07,0.0
2026-01-08,0.0
2026-01-09,0.0
2026-01-10,0.0
2026-01-11,0.0
2026-01-12,0.0
2026-01-13,0.0
2026-01-14,0.0
2026-01-15,0.0
2026-01-16,0.0
2026-01-17,0.0
2026-01-18,0.0
2026-01-19,0.0
2026-01-20,0.0
2026-01-21,0.0
2026-01-22,0.0
2026-01-23,0.0
2026-01-24,0.0
2026-01-25,0.0
2026-01-26,0.0
2026-01-27,0.0
2026-01-28,0.0
2026-01-29,0.0
2026-01-30,0.0
2026-01-31,0.0
2026-02-01,0.0
2026-02-02,0.0
2026-02-03,0.0
2026-02-04,0.0
2026-02-05,0.0
2026-02-06,0.0
2026-02-07,0.0
2026-02-08,0.0
2026-02-09,0.0
2026-02-10,0.0
2026-02-11,0.0
2026-02-12,0.0
2026-02-13,0.0
2026-02-14,0.0
2026-02-15,0.0
2026-02-16,0.0
2026-02-17,0.0
2026-02-18,0.0
2026-02-19,0.0
2026-02-20,0.0
2026-02-21,0.0
2026-02-22,0.0
2026-02-23,0.0
2026-02-24,0.0
2026-02-25,0.0
2026-02-26,0.0
2026-02-27,0.0
2026-02-28,0.0
2026-03-01,0.0
2026-03-02,0.0
2026-03-03,0.0
2026-03-04,0.0
2026-03-05,0.0
2026-03-06,0.0
2026-03-07,0.0
2026-03-08,0.0
2026-03-09,0.0
2026-03-10,0.0
2026-03-11,0.0
2026-03-12,0.0
2026-03-13,0.0
2026-03-14,0.0
2026-03-15,0.0
2026-03-16,0.0
2026-03-17,0.0
2026-03-18,0.0
2026-03-19,0.0
2026-03-20,0.0
2026-03-21,0.0
2026-03-22,0.0
2026-03-23,0.0
2026-03-24,0.0
2026-03-25,0.0
2026-03-26,0.0
2026-03-27,0.0
2026-03-28,0.0
2026-03-29,0.0
2026-03-30,0.0
2026-03-31,0.0
2026-04-01,0.0
2026-04-02,0.0
2026-04-03,0.0
2026-04-04,0.0
2026-04-05,0.0
2026-04-06,0.0
2026-04-07,0.0
2026-04-08,0.0
2026-04-09,0.0
2026-04-10,0.0
2026-04-11,0.0
2026-04-12,0.0
2026-04-13,0.0
2026-04-14,0.0
2026-04-15,0.0
2026-04-16,0.0
2026-04-17,0.0
2026-04-18,0.0
2026-04-19,0.0
2026-04-20,0.0
2026-04-21,0.0
2026-04-22,0.0
2026-04-23,0.0
2026-04-24,0.0
2026-04-25,0.0
2026-04-26,0.0
2026-04-27,0.0
2026-04-28,0.0
2026-04-29,0.0
2026-04-30,0.0
2026-05-01,0.0
2026-05-02,-0.00075
2026-05-03,-0.00075659546640644
2026-05-04,0.008210522085532967
2026-05-05,0.006884487450151577
2026-05-06,0.003092146158244602
2026-05-07,-0.008704298415654121
2026-05-08,0.0011046960052547572
2026-05-09,0.0029780572815066852
2026-05-10,0.00914011075406107
2026-05-11,-0.0024996235893398056
2026-05-12,-0.007652213097093241
2026-05-13,-0.007457830552195344
2026-05-14,0.011189438235398752
2026-05-15,-0.012248856818987963
2026-05-16,-0.00590801338325625
2026-05-17,-0.004492979778466244
2026-05-18,-0.0038184726005772987
2026-05-19,0.0
2026-05-20,-0.00075
2026-05-21,0.0005254374989598354
2026-05-22,-0.013975119883961856
2026-05-23,0.0
2026-05-24,0.0
2026-05-25,0.0
2026-05-26,0.0
2026-05-27,0.0
2026-05-28,0.0
2026-05-29,0.0
2026-05-30,0.0
2026-05-31,0.0
2026-06-01,0.0
2026-06-02,0.0
2026-06-03,0.0
2026-06-04,0.0
2026-06-05,0.0
2026-06-06,0.0
2026-06-07,0.0
