,returns
2014-01-03,0.0
2014-01-06,0.0
2014-01-07,0.0
2014-01-08,0.0
2014-01-09,0.0
2014-01-15,0.0
2014-01-16,0.0
2014-01-17,0.0
2014-01-21,0.0
2014-01-22,0.0
2014-01-23,0.0
2014-01-24,0.0
2014-01-27,-0.006013956215793609
2014-01-28,0.0049577682981588435
2014-01-29,-0.0015016557783285199
2014-01-30,0.0024218439002571092
2014-01-31,0.0059510055360974925
2014-02-03,0.0
2014-02-04,0.0
2014-02-05,0.0
2014-02-06,0.0
2014-02-07,0.0
2014-03-03,0.0
2014-03-04,0.0
2014-03-05,0.0
2014-03-06,0.0
2014-03-07,0.0
2014-03-10,0.0
2014-03-17,0.0
2014-03-18,0.0
2014-03-19,0.005284203516249236
2014-03-20,-0.008257382550335497
2014-03-21,0.00789389516300874
2014-03-24,0.007344245490070162
2014-03-25,1.097011321569711e-05
2014-04-07,0.0
2014-04-08,0.0
2014-04-09,0.0
2014-04-10,0.0
2014-04-11,0.0
2014-04-14,0.0
2014-04-15,0.0
2014-04-16,0.0
2014-04-17,0.0
2014-04-21,0.0
2014-04-22,0.0
2014-04-23,0.0
2014-04-24,0.002769785528481267
2014-04-25,0.004657435500240431
2014-04-28,0.0006519246190857921
2014-04-29,-0.0014834755707274936
2014-04-30,-0.0052182885189927695
2014-05-01,0.0
2014-05-02,0.0
2014-05-12,0.0
2014-05-13,0.0
2014-05-14,0.0
2014-05-15,0.0
2014-05-16,0.0
2014-05-19,0.0
2014-05-20,0.0
2014-05-21,0.0
2014-05-22,0.0
2014-05-23,-0.003417457180500699
2014-05-27,-0.002714773619471161
2014-05-28,0.0007376357560568815
2014-05-29,-0.0030694036075488316
2014-05-30,-0.002595623894265836
2014-06-02,0.0
2014-06-03,0.0
2014-06-04,0.0
2014-06-05,0.0
2014-06-06,0.0
2014-06-09,0.0
2014-06-10,0.0
2014-06-11,0.0
2014-06-12,0.0
2014-06-13,0.0
2014-06-16,0.0
2014-06-17,0.0
2014-06-18,0.0
2014-06-19,0.0
2014-06-20,0.0
2014-06-23,0.0002582257488391417
2014-06-24,0.004094872909528019
2014-06-25,-0.006893886743886707
2014-06-26,0.000719076223097065
2014-06-27,-0.004355559544568693
2014-07-07,0.0
2014-07-08,0.0
2014-07-09,0.0
2014-07-10,0.0
2014-07-11,0.0
2014-07-14,0.0
2014-07-15,0.0
2014-07-16,0.0
2014-07-17,0.0
2014-07-18,0.0
2014-07-21,0.0
2014-07-22,0.0
2014-07-23,0.0
2014-07-24,0.0
2014-07-25,-0.0020683199555756758
2014-07-28,1.699029126151088e-06
2014-07-29,-0.006306330423373824
2014-07-30,-0.003489236023273462
2014-07-31,-0.013237265477225053
2014-08-01,0.0
2014-08-04,0.0
2014-08-05,0.0
2014-08-06,0.0
2014-08-07,0.0
2014-08-08,0.0
2014-08-11,0.0
2014-08-12,0.0
2014-08-13,0.0
2014-08-14,0.0
2014-08-15,0.0
2014-08-25,-1.0492655135293312e-07
2014-08-26,-0.00010008236409921308
2014-08-27,-0.0009981341049689783
2014-08-28,0.002605649080615097
2014-08-29,0.00109719381391869
2014-09-02,0.0
2014-09-03,0.0
2014-09-04,0.0
2014-09-05,0.0
2014-09-08,0.0
2014-09-09,0.0
2014-09-10,0.0
2014-09-11,0.0
2014-09-12,0.0
2014-09-15,0.0
2014-09-16,0.0
2014-09-17,0.0
2014-09-18,0.0
2014-09-19,0.0
2014-09-22,0.0
2014-09-23,0.0
2014-09-24,0.007524829588487642
2014-09-25,-0.013815594855305497
2014-09-26,0.006256019624790149
2014-09-29,0.006577828746177389
2014-09-30,-0.0036403131164955025
2014-10-01,0.0
2014-10-02,0.0
2014-10-03,0.0
2014-10-06,0.0
2014-10-07,0.0
2014-10-08,0.0
2014-10-09,0.0
2014-10-10,0.0
2014-10-17,0.0
2014-10-20,0.0
2014-10-21,0.0
2014-10-22,0.0
2014-10-23,0.0
2014-10-24,0.0
2014-10-27,0.0017914499565728605
2014-10-28,0.007725215933340174
2014-10-29,-0.002214971040040442
2014-10-30,0.009314520700475542
2014-10-31,-0.0007447071067499143
2014-11-03,0.0
2014-11-04,0.0
2014-11-05,0.0
2014-11-06,0.0
2014-11-07,0.0
2014-11-10,0.0
2014-11-21,0.004425226353303763
2014-11-24,-0.000680964908046494
2014-11-25,0.0015365031561701383
2014-11-26,-0.0019349389743838095
2014-11-28,0.00274170562436758
2014-12-01,0.0
2014-12-02,0.0
2014-12-03,0.0
2014-12-04,0.0
2014-12-05,0.0
2014-12-08,0.0
2014-12-09,0.0
2014-12-10,0.0
2014-12-11,0.0
2014-12-12,0.0
2014-12-15,0.0
2014-12-16,0.0
2014-12-17,0.0
2014-12-18,0.009911541467226708
2014-12-19,0.0003344257133167496
2014-12-22,0.003284265260713776
2014-12-23,-0.002167581784118705
2014-12-24,-0.0007268676088837576
2015-01-12,0.0
2015-01-13,0.0
2015-01-14,0.0
2015-01-15,0.0
2015-01-16,0.0
2015-01-20,0.0
2015-01-21,0.0
2015-01-22,0.0
2015-01-23,0.0
2015-01-26,0.003513719407942967
2015-01-27,-0.0012339040252254017
2015-01-28,-0.02023130479502368
2015-01-29,0.007834828825231992
2015-01-30,-0.005783943261704077
2015-02-02,0.0
2015-02-03,0.0
2015-02-04,0.0
2015-02-05,0.0
2015-02-06,0.0
2015-02-09,0.0
2015-02-10,0.0
2015-02-11,0.0
2015-02-12,0.0
2015-02-13,-0.003641653513177484
2015-02-24,-0.0035603827207274672
2015-02-25,8.622791269006794e-05
2015-02-26,0.00037004538577921093
2015-02-27,0.002548097131496713
2015-03-02,0.0
2015-03-03,0.0
2015-03-04,0.0
2015-03-05,0.0
2015-03-11,0.0
2015-03-12,0.0
2015-03-13,0.0
2015-03-16,0.0
2015-03-17,0.0
2015-03-18,0.0
2015-03-19,0.0
2015-03-20,0.0
2015-03-23,0.0
2015-03-24,0.0
2015-03-25,-0.016029848854450596
2015-03-26,0.0014112802498048417
2015-03-27,0.0026773374280980424
2015-03-30,0.006034172383805198
2015-03-31,-0.00410638328669301
2015-04-01,0.0
2015-04-02,0.0
2015-04-06,0.0
2015-04-07,0.0
2015-04-08,0.0
2015-04-09,0.0
2015-04-15,0.0
2015-04-16,0.0
2015-04-17,0.0
2015-04-20,0.0
2015-04-21,0.0
2015-04-22,0.0
2015-04-23,0.0
2015-04-24,-0.0001027544174620086
2015-04-27,0.007244150614609463
2015-04-28,-0.0033767248742525733
2015-04-29,-0.001005635309217062
2015-04-30,0.006615770916714264
2015-05-01,0.0
2015-05-04,0.0
2015-05-05,0.0
2015-05-06,0.0
2015-05-07,0.0
2015-05-08,0.0
2015-05-11,0.0
2015-05-12,0.0
2015-05-13,0.0
2015-05-14,0.0
2015-05-15,0.0
2015-05-18,-0.004154900113079524
2015-05-19,0.0009285968861377615
2015-05-20,0.0012105442176870542
2015-05-21,-0.0037229396831365445
2015-05-22,0.00017857679309050704
2015-06-01,0.0
2015-06-02,0.0
2015-06-03,0.0
2015-06-04,0.0
2015-06-05,0.0
2015-06-08,0.0
2015-06-09,0.0
2015-06-10,0.0
2015-06-11,0.0
2015-06-12,0.0
2015-06-15,0.0
2015-06-16,0.0
2015-06-17,0.0
2015-06-18,0.0
2015-06-19,0.004626317033954536
2015-06-22,-0.00015
2015-06-23,0.000368525502026912
2015-06-29,0.012347596616035333
2015-06-30,0.006460055003377413
2015-07-01,0.0
2015-07-02,0.0
2015-07-06,0.0
2015-07-07,0.0
2015-07-08,0.0
2015-07-09,0.0
2015-07-10,0.0006701070963385071
2015-07-13,0.0035343868127660607
2015-07-29,0.005864894023295803
2015-07-30,0.0028477160258849445
2015-07-31,-0.004643425409138108
2015-08-03,0.0
2015-08-04,0.0
2015-08-05,0.0
2015-08-06,0.0
2015-08-07,0.0
2015-08-10,0.0
2015-08-11,0.0
2015-08-12,0.0
2015-08-13,0.0
2015-08-14,0.0
2015-08-17,0.0
2015-08-18,0.0
2015-08-19,0.0
2015-08-20,0.0
2015-08-21,0.0
2015-08-24,0.0
2015-08-25,-0.04205758839482167
2015-08-26,0.012761286963765089
2015-08-27,0.011320916658207208
2015-08-28,0.0037794710327455463
2015-08-31,-0.0027243273938722
2015-09-01,0.0
2015-09-02,0.0
2015-09-03,0.0
2015-09-04,0.0
2015-09-22,0.0
2015-09-23,0.0
2015-09-24,-0.004209328649492544
2015-09-25,0.009251972872996266
2015-09-28,0.01992508603608299
2015-09-29,0.0009654785934345269
2015-09-30,-0.006978807059935826
2015-10-01,0.0
2015-10-02,0.0
2015-10-05,0.0
2015-10-06,0.0
2015-10-07,0.0
2015-10-08,0.0
2015-10-09,-0.00010034016983663781
2015-10-27,-0.001992870999030133
2015-10-28,-0.009764920036720377
2015-10-29,-0.00269391859460501
2015-10-30,0.005637812111355595
2015-11-02,0.0
2015-11-03,0.0
2015-11-04,0.0
2015-11-05,0.0
2015-11-06,0.0
2015-11-09,0.0
2015-11-10,0.0
2015-11-11,0.0
2015-11-12,0.0
2015-11-13,0.0
2015-11-16,0.0
2015-11-17,0.0
2015-11-18,0.0
2015-11-19,0.0
2015-11-20,0.0
2015-11-23,0.0013783217117202375
2015-11-24,-0.007414155481791379
2015-11-25,0.0007091885441527892
2015-11-27,-0.0005319892088048337
2015-11-30,0.004998986889153773
2015-12-01,0.0
2015-12-02,0.0
2015-12-03,0.0
2015-12-04,0.0
2015-12-11,0.0
2015-12-14,0.004402877715643167
2015-12-15,0.0017552271617001626
2015-12-16,0.007675939476170829
2015-12-17,-0.016992610364683376
2015-12-18,-0.013910789149198428
2016-01-04,0.0
2016-01-05,0.0
2016-01-06,0.0
2016-01-07,0.0
2016-01-08,0.0
2016-01-11,0.0
2016-01-12,0.0
2016-01-13,0.0
2016-01-14,0.0
2016-01-15,0.0
2016-01-19,0.0
2016-01-20,0.0
2016-01-21,0.0
2016-01-22,0.0
2016-01-25,-0.012101771705365211
2016-01-26,0.00919083430633703
2016-01-27,-0.007851234307416428
2016-01-28,-0.004466698252263773
2016-01-29,0.019270030524709197
2016-02-01,0.0
2016-02-02,0.0
2016-02-03,0.0
2016-02-04,0.0
2016-02-05,0.0
2016-02-08,0.0
2016-02-09,0.0
2016-02-10,0.0
2016-02-11,0.0
2016-02-12,0.0
2016-02-16,0.0
2016-02-17,0.0
2016-02-18,0.0
2016-02-19,0.0
2016-02-22,0.0
2016-02-23,-0.008500945925047704
2016-02-24,0.013436528877931102
2016-02-25,0.0091412816806896
2016-02-26,-0.007526507096708451
2016-02-29,-0.008453434136340383
2016-03-01,0.0
2016-03-02,0.0
2016-03-03,0.0
2016-03-04,0.0
2016-03-07,0.0
2016-03-08,0.0
2016-03-09,0.0
2016-03-10,0.0
2016-03-11,0.0
2016-03-14,0.0
2016-03-15,0.0
2016-03-16,0.0
2016-03-17,0.0
2016-03-18,0.0
2016-03-21,0.0
2016-03-22,0.0
2016-03-23,0.0
2016-03-24,-0.0057935643564356485
2016-03-28,0.001568972545552866
2016-03-29,-0.011937334780035686
2016-03-30,0.0009164598380919488
2016-03-31,0.0015983366519351895
2016-04-01,0.0
2016-04-04,0.0
2016-04-05,0.0
2016-04-06,0.0
2016-04-07,0.0
2016-04-08,0.0
2016-04-11,0.0
2016-04-12,0.0
2016-04-13,0.0
2016-04-14,0.0
2016-04-15,0.0
2016-04-18,0.0
2016-04-19,0.0
2016-04-20,0.0
2016-04-21,0.0
2016-04-22,0.0
2016-04-25,-0.0018305915682320815
2016-04-26,0.00018486414083427897
2016-04-27,-0.004323262339905115
2016-04-28,0.004503394099304431
2016-04-29,0.0016883242223404262
2016-05-02,0.0
2016-05-03,0.0
2016-05-04,0.0
2016-05-05,0.0
2016-05-06,0.0
2016-05-09,0.0
2016-05-10,0.0
2016-05-11,0.0
2016-05-12,0.0
2016-05-13,0.0
2016-05-16,0.0
2016-05-17,0.0
2016-05-18,0.0
2016-05-19,0.0
2016-05-20,0.0
2016-05-23,0.0
2016-05-24,0.007998615220449073
2016-05-25,0.0024857406431207764
2016-05-26,-0.0007401169730244682
2016-05-27,0.003047632797212746
2016-05-31,-0.003237152695321782
2016-06-01,0.0
2016-06-02,0.0
2016-06-03,0.0
2016-06-06,0.0
2016-06-07,0.0
2016-06-08,0.0
2016-06-09,0.0
2016-06-10,0.0
2016-06-13,0.0
2016-06-14,0.0
2016-06-15,0.0
2016-06-16,0.0
2016-06-17,0.0
2016-06-20,0.0
2016-06-21,0.0
2016-06-22,0.0
2016-06-23,0.0
2016-06-24,-0.0021144435713583874
2016-06-27,-0.010071127040031786
2016-06-28,0.008250337502481702
2016-06-29,0.008882321062396153
2016-06-30,0.010901590174219416
2016-07-01,0.0
2016-07-05,0.0
2016-07-06,0.0
2016-07-07,0.0
2016-07-08,0.0
2016-07-11,0.0
2016-07-12,0.0
2016-07-13,0.0
2016-07-14,0.0
2016-07-15,0.0
2016-07-18,0.0
2016-07-19,0.0
2016-07-20,0.0
2016-07-21,0.0
2016-07-22,0.0
2016-07-25,0.001370737327189048
2016-07-26,-0.0010736595390937907
2016-07-27,0.002888813941710017
2016-07-28,-0.0024618180136860733
2016-07-29,-0.003291458006097997
2016-08-01,0.0
2016-08-02,0.0
2016-08-03,0.0
2016-08-04,0.0
2016-08-05,0.0
2016-08-08,0.0
2016-08-09,0.0
2016-08-10,0.0
2016-08-11,0.0
2016-08-12,0.0
2016-08-15,0.0
2016-08-16,0.0
2016-08-17,0.0
2016-08-18,0.0
2016-08-19,0.0
2016-08-22,0.0
2016-08-23,0.0
2016-08-24,0.0
2016-08-25,-0.0012079576816927005
2016-08-26,0.0029245227606460146
2016-08-29,-0.0043810522442974285
2016-08-30,0.0011786905525519144
2016-08-31,0.0009068881536624497
2016-09-01,0.0
2016-09-02,0.0
2016-09-06,0.0
2016-09-07,0.0
2016-09-08,0.0
2016-09-09,0.0
2016-09-12,0.0
2016-09-13,0.0
2016-09-14,0.0
2016-09-15,0.0
2016-09-16,0.0
2016-09-19,0.0
2016-09-20,0.0
2016-09-21,0.0
2016-09-22,0.0
2016-09-23,0.0
2016-09-26,0.003756068356196224
2016-09-27,-0.00715770847932719
2016-09-28,-0.004088284761154653
2016-09-29,0.007814973892149229
2016-09-30,-0.0034423718989104067
2016-10-03,0.0
2016-10-04,0.0
2016-10-05,0.0
2016-10-06,0.0
2016-10-07,0.0
2016-10-10,0.0
2016-10-11,0.0
2016-10-12,0.0
2016-10-13,0.0
2016-10-14,0.0
2016-10-17,0.0
2016-10-18,0.0
2016-10-19,0.0
2016-10-20,0.0
2016-10-21,0.0
2016-10-24,0.0
2016-10-25,0.002225518189016712
2016-10-26,-0.0026358121101261065
2016-10-27,0.006374373194146782
2016-10-28,0.002758886178098813
2016-10-31,0.001822479218522616
2016-11-01,0.0
2016-11-02,0.0
2016-11-03,0.0
2016-11-04,0.0
2016-11-07,0.0
2016-11-08,0.0
2016-11-09,0.0
2016-11-10,0.0
2016-11-11,0.0
2016-11-14,0.0
2016-11-15,0.0
2016-11-16,0.0
2016-11-17,0.0
2016-11-18,0.0
2016-11-21,0.0
2016-11-22,0.0
2016-11-23,-0.003559400854623046
2016-11-25,-0.0027280189959294652
2016-11-28,0.002653400253210353
2016-11-29,-0.0018278523489930918
2016-11-30,0.00571563190903755
2016-12-01,0.0
2016-12-02,0.0
2016-12-05,0.0
2016-12-06,0.0
2016-12-07,0.0
2016-12-08,0.0
2016-12-09,0.0
2016-12-12,0.0
2016-12-13,0.0
2016-12-14,0.0
2016-12-15,0.0
2016-12-16,0.0
2016-12-19,0.0
2016-12-20,0.0
2016-12-21,0.0
2016-12-22,0.0
2016-12-23,-0.0013033513729315991
2016-12-27,-0.0011233651889214378
2016-12-28,0.009295204572538279
2016-12-29,0.0003400213827512268
2016-12-30,0.0051007453388509484
2017-01-03,0.0
2017-01-04,0.0
2017-01-05,0.0
2017-01-06,0.0
2017-01-09,0.0
2017-01-10,0.0
2017-01-11,0.0
2017-01-12,0.0
2017-01-13,0.0
2017-01-17,0.0
2017-01-18,0.0
2017-01-19,0.0
2017-01-20,0.0
2017-01-23,0.0
2017-01-24,0.0
2017-01-25,-0.003604306952339392
2017-01-26,0.0002859197907585211
2017-01-27,0.0017242916920929665
2017-01-30,0.0022604834114913043
2017-01-31,-0.0027052912150850204
2017-02-01,0.0
2017-02-02,0.0
2017-02-03,0.0
2017-02-06,0.0
2017-02-07,0.0
2017-02-08,0.0
2017-02-09,0.0
2017-02-10,0.0
2017-02-13,0.0
2017-02-14,0.0
2017-02-15,0.0
2017-02-16,0.0
2017-02-17,0.0
2017-02-21,0.0
2017-02-22,-0.0013363401406659868
2017-02-23,0.0016652651131374542
2017-02-24,-0.005756047736345765
2017-02-27,-0.0022630034230656402
2017-02-28,0.0005260468162420042
2017-03-01,0.0
2017-03-02,0.0
2017-03-03,0.0
2017-03-06,0.0
2017-03-07,0.0
2017-03-08,0.0
2017-03-09,0.0
2017-03-10,0.0
2017-03-13,0.0
2017-03-14,0.0
2017-03-15,0.0
2017-03-16,0.0
2017-03-17,0.0
2017-03-20,0.0
2017-03-21,0.0
2017-03-22,0.0
2017-03-23,0.0
2017-03-24,0.0
2017-03-27,0.006964215496054843
2017-03-28,0.008423755733699117
2017-03-29,0.002317980085953947
2017-03-30,0.0031622425580704995
2017-03-31,-0.00097660392954792
2017-04-03,0.0
2017-04-04,0.0
2017-04-05,0.0
2017-04-06,0.0
2017-04-07,0.0
2017-04-10,0.0
2017-04-11,0.0
2017-04-12,0.0
2017-04-13,0.0
2017-04-17,0.0
2017-04-18,0.0
2017-04-19,0.0
2017-04-20,0.0
2017-04-21,0.0
2017-04-24,-0.00040297242600552657
2017-04-25,0.002456027489386653
2017-04-26,-0.0005273110300591131
2017-04-27,-0.0008619524248261344
2017-04-28,-0.003498681456676439
2017-05-01,0.0
2017-05-02,0.0
2017-05-03,0.0
2017-05-04,0.0
2017-05-05,0.0
2017-05-08,0.0
2017-05-09,0.0
2017-05-10,0.0
2017-05-11,0.0
2017-05-12,0.0
2017-05-15,0.0
2017-05-16,0.0
2017-05-17,0.0
2017-05-18,0.0
2017-05-19,0.0
2017-05-22,0.0
2017-05-23,0.0
2017-05-24,0.0009735019973370175
2017-05-25,0.0019644278606965994
2017-05-26,0.0006365866280272194
2017-05-30,0.0006373036920398313
2017-05-31,-0.0018866854118425756
2017-06-01,0.0
2017-06-02,0.0
2017-06-05,0.0
2017-06-06,0.0
2017-06-07,0.0
2017-06-08,0.0
2017-06-09,0.0
2017-06-12,0.0
2017-06-13,0.0
2017-06-14,0.0
2017-06-15,0.0
2017-06-16,0.0
2017-06-19,0.0
2017-06-20,0.0
2017-06-21,0.0
2017-06-22,0.0
2017-06-23,0.0
2017-06-26,-0.0026921296486120015
2017-06-27,-0.007062442396313279
2017-06-28,0.003808762886598022
2017-06-29,-0.009466260362800644
2017-06-30,-0.002172620325270341
2017-07-03,0.0
2017-07-05,0.0
2017-07-06,0.0
2017-07-07,0.0
2017-07-10,0.0
2017-07-11,0.0
2017-07-12,0.0
2017-07-13,0.0
2017-07-14,0.0
2017-07-17,0.0
2017-07-18,0.0
2017-07-19,0.0
2017-07-20,0.0
2017-07-21,0.0
2017-07-24,0.0
2017-07-25,0.0010208656330750023
2017-07-26,0.0010608980827447713
2017-07-27,0.0028343523148895823
2017-07-28,-0.0011635819987837635
2017-07-31,0.0023967922545174826
2017-08-01,0.0
2017-08-02,0.0
2017-08-03,0.0
2017-08-04,0.0
2017-08-07,0.0
2017-08-08,0.0
2017-08-09,0.0
2017-08-10,0.0
2017-08-11,0.0
2017-08-14,0.0
2017-08-15,0.0
2017-08-16,0.0
2017-08-17,0.0
2017-08-18,0.0
2017-08-21,0.0
2017-08-22,0.0
2017-08-23,0.0
2017-08-24,0.0
2017-08-25,-0.0016199877501020974
2017-08-28,-0.0023529127401786974
2017-08-29,0.007007253917979389
2017-08-30,0.00479220479516394
2017-08-31,0.002646579256677312
2017-09-01,0.0
2017-09-05,0.0
2017-09-06,0.0
2017-09-07,0.0
2017-09-08,0.0
2017-09-11,0.0
2017-09-12,0.0
2017-09-13,0.0
2017-09-14,0.0
2017-09-15,0.0
2017-09-18,0.0
2017-09-19,0.0
2017-09-20,0.0
2017-09-21,0.0
2017-09-22,0.0
2017-09-25,0.0006527614995584909
2017-09-26,0.001373473519624674
2017-09-27,-0.0007102689290860052
2017-09-28,-0.002592638049093171
2017-09-29,-0.003585327953982492
2017-10-02,0.0
2017-10-03,0.0
2017-10-04,0.0
2017-10-05,0.0
2017-10-06,0.0
2017-10-09,0.0
2017-10-10,0.0
2017-10-11,0.0
2017-10-12,0.0
2017-10-13,0.0
2017-10-16,0.0
2017-10-17,0.0
2017-10-18,0.0
2017-10-19,0.0
2017-10-20,0.0
2017-10-23,0.0
2017-10-24,0.0
2017-10-25,0.0033239841523868665
2017-10-26,0.0014125610375405996
2017-10-27,-0.004750389863547827
2017-10-30,0.0009002975843155183
2017-10-31,0.00012218290691344295
2017-11-01,0.0
2017-11-02,0.0
2017-11-03,0.0
2017-11-06,0.0
2017-11-07,0.0
2017-11-08,0.0
2017-11-09,0.0
2017-11-10,0.0
2017-11-13,0.0
2017-11-14,0.0
2017-11-15,0.0
2017-11-16,0.0
2017-11-17,0.0
2017-11-20,0.0
2017-11-21,0.0
2017-11-22,0.0
2017-11-24,-0.000764722606423701
2017-11-27,-0.0007260147459776821
2017-11-28,0.007865032980518643
2017-11-29,-0.001252577750741296
2017-11-30,0.00409628450106157
2017-12-01,0.0
2017-12-04,0.0
2017-12-05,0.0
2017-12-06,0.0
2017-12-07,0.0
2017-12-08,0.0
2017-12-11,0.0
2017-12-12,0.0
2017-12-13,0.0
2017-12-14,0.0
2017-12-15,0.0
2017-12-18,0.0
2017-12-19,0.0
2017-12-20,0.0
2017-12-21,0.0
2017-12-22,0.00029843049327358834
2017-12-26,-0.0005618924586236083
2017-12-27,-3.7791741472020655e-05
2017-12-28,-0.0001873343289155059
2017-12-29,0.006068581269782253
2018-01-02,0.0
2018-01-03,0.0
2018-01-04,0.0
2018-01-05,0.0
2018-01-08,0.0
2018-01-09,0.0
2018-01-10,0.0
2018-01-11,0.0
2018-01-12,0.0
2018-01-16,0.0
2018-01-17,0.0
2018-01-18,0.0
2018-01-19,0.0
2018-01-22,0.0
2018-01-23,0.0
2018-01-24,0.0
2018-01-25,0.002946846846847079
2018-01-26,-0.008240899496957072
2018-01-29,0.004360962688393905
2018-01-30,0.00314098694221297
2018-01-31,0.0027502935662999497
2018-02-01,0.0
2018-02-02,0.0
2018-02-05,0.0
2018-02-06,0.0
2018-02-07,0.0
2018-02-08,0.0
2018-02-09,0.0
2018-02-12,0.0
2018-02-13,0.0
2018-02-14,0.0
2018-02-15,0.0
2018-02-16,0.0
2018-02-20,0.0
2018-02-21,0.0
2018-02-22,-0.00299038511195539
2018-02-23,0.010445636657959594
2018-02-26,0.006953250824484375
2018-02-27,-0.013561959296681265
2018-02-28,-0.015929164248403977
2018-03-01,0.0
2018-03-02,0.0
2018-03-05,0.0
2018-03-06,0.0
2018-03-07,0.0
2018-03-08,0.0
2018-03-09,0.0
2018-03-12,0.0
2018-03-13,0.0
2018-03-14,0.0
2018-03-15,0.0
2018-03-16,0.0
2018-03-19,0.0
2018-03-20,0.0
2018-03-21,0.0
2018-03-22,0.0
2018-03-23,-0.023431344639612512
2018-03-26,0.01144729905008966
2018-03-27,-0.021339465379269024
2018-03-28,-0.003639932885906155
2018-03-29,0.009003581003446875
2018-04-02,0.0
2018-04-03,0.0
2018-04-04,0.0
2018-04-05,0.0
2018-04-06,0.0
2018-04-09,0.0
2018-04-10,0.0
2018-04-11,0.0
2018-04-12,0.0
2018-04-13,0.0
2018-04-16,0.0
2018-04-17,0.0
2018-04-18,0.0
2018-04-19,0.0
2018-04-20,0.0
2018-04-23,0.0
2018-04-24,0.0173683027043182
2018-04-25,-0.002660364763607109
2018-04-26,-0.005890398051285789
2018-04-27,0.0014978166429481079
2018-04-30,0.010290053884149147
2018-05-01,0.0
2018-05-02,0.0
2018-05-03,0.0
2018-05-04,0.0
2018-05-07,0.0
2018-05-08,0.0
2018-05-09,0.0
2018-05-10,0.0
2018-05-11,0.0
2018-05-14,0.0
2018-05-15,0.0
2018-05-16,0.0
2018-05-17,0.0
2018-05-18,0.0
2018-05-21,0.0
2018-05-22,0.0
2018-05-23,0.0
2018-05-24,0.00010648541697198547
2018-05-25,-0.0002602333272093858
2018-05-29,0.00432634197772917
2018-05-30,-0.007727717813181506
2018-05-31,0.005067519106408108
2018-06-01,0.0
2018-06-04,0.0
2018-06-05,0.0
2018-06-06,0.0
2018-06-07,0.0
2018-06-08,0.0
2018-06-11,0.0
2018-06-12,0.0
2018-06-13,0.0
2018-06-14,0.0
2018-06-15,0.0
2018-06-18,0.0
2018-06-19,0.0
2018-06-20,0.0
2018-06-21,0.0
2018-06-22,0.0
2018-06-25,0.008736775892334774
2018-06-26,0.00018132086585174748
2018-06-27,0.010832149415999397
2018-06-28,-0.006314358126926173
2018-06-29,0.003267609877994998
2018-07-02,0.0
2018-07-03,0.0
2018-07-05,0.0
2018-07-06,0.0
2018-07-09,0.0
2018-07-10,0.0
2018-07-11,0.0
2018-07-12,0.0
2018-07-13,0.0
2018-07-16,0.0
2018-07-17,0.0
2018-07-18,0.0
2018-07-19,0.0
2018-07-20,0.0
2018-07-23,0.0
2018-07-24,0.0
2018-07-25,-0.010102724558347948
2018-07-26,-0.00043247590127472573
2018-07-27,0.007780633393253728
2018-07-30,0.005534038509360945
2018-07-31,-0.0016100619636053746
2018-08-01,0.0
2018-08-02,0.0
2018-08-03,0.0
2018-08-06,0.0
2018-08-07,0.0
2018-08-08,0.0
2018-08-09,0.0
2018-08-10,0.0
2018-08-13,0.0
2018-08-14,0.0
2018-08-15,0.0
2018-08-16,0.0
2018-08-17,0.0
2018-08-20,0.0
2018-08-21,0.0
2018-08-22,0.0
2018-08-23,0.0
2018-08-24,0.0
2018-08-27,0.0028272207990030886
2018-08-28,-0.0015967791939373198
2018-08-29,0.004364750482492502
2018-08-30,-0.002555994363098851
2018-08-31,0.0011610681755452714
2018-09-04,0.0
2018-09-05,0.0
2018-09-06,0.0
2018-09-07,0.0
2018-09-10,0.0
2018-09-11,0.0
2018-09-12,0.0
2018-09-13,0.0
2018-09-14,0.0
2018-09-17,0.0
2018-09-18,0.0
2018-09-19,0.0
2018-09-20,0.0
2018-09-21,0.0
2018-09-24,0.0007767522482322433
2018-09-25,0.0026970483312179607
2018-09-26,0.0035623607864706365
2018-09-27,-0.0008730409034566509
2018-09-28,-0.002288004758784895
2018-10-01,0.0
2018-10-02,0.0
2018-10-03,0.0
2018-10-04,0.0
2018-10-05,0.0
2018-10-08,0.0
2018-10-09,0.0
2018-10-10,0.0
2018-10-11,0.0
2018-10-12,0.0
2018-10-15,0.0
2018-10-16,0.0
2018-10-17,0.0
2018-10-18,0.0
2018-10-19,0.0
2018-10-22,0.0
2018-10-23,0.0
2018-10-24,0.0
2018-10-25,0.010210175038336416
2018-10-26,-0.002519133574007254
2018-10-29,-0.018678164297938688
2018-10-30,0.015551444988053258
2018-10-31,-2.207648254109871e-06
2018-11-01,0.0
2018-11-02,0.0
2018-11-05,0.0
2018-11-06,0.0
2018-11-07,0.0
2018-11-08,0.0
2018-11-09,0.0
2018-11-12,0.0
2018-11-13,0.0
2018-11-14,0.0
2018-11-15,0.0
2018-11-16,0.0
2018-11-19,0.0
2018-11-20,0.0
2018-11-21,0.0
2018-11-23,0.0
2018-11-26,0.006171017382797889
2018-11-27,0.007359198768491432
2018-11-28,0.017987982195845614
2018-11-29,0.000763375470388278
2018-11-30,0.0069717267448229205
2018-12-03,0.0
2018-12-04,0.0
2018-12-06,0.0
2018-12-07,0.0
2018-12-10,0.0
2018-12-11,0.0
2018-12-12,0.0
2018-12-13,0.0
2018-12-14,0.0
2018-12-17,0.0
2018-12-18,0.0
2018-12-19,0.0
2018-12-20,0.0
2018-12-21,0.0
2018-12-24,-0.025084108689285917
2018-12-26,0.04212232275289228
2018-12-27,0.022936119470668186
2018-12-28,-0.007241914416219258
2018-12-31,0.002093949350857477
2019-01-02,0.0
2019-01-03,0.0
2019-01-04,0.0
2019-01-07,0.0
2019-01-08,0.0
2019-01-09,0.0
2019-01-10,0.0
2019-01-11,0.0
2019-01-14,0.0
2019-01-15,0.0
2019-01-16,0.0
2019-01-17,0.0
2019-01-18,0.0
2019-01-22,0.0
2019-01-23,0.0
2019-01-24,0.0
2019-01-25,-0.0009406328827980147
2019-01-28,-0.0016686605414025944
2019-01-29,0.0016309776430465219
2019-01-30,-0.009542682006789777
2019-01-31,-0.009046863668647948
2019-02-01,0.0
2019-02-04,0.0
2019-02-05,0.0
2019-02-06,0.0
2019-02-07,0.0
2019-02-08,0.0
2019-02-11,0.0
2019-02-12,0.0
2019-02-13,0.0
2019-02-14,0.0
2019-02-15,0.0
2019-02-19,0.0
2019-02-20,0.0
2019-02-21,0.0
2019-02-22,-0.0038895275250797777
2019-02-25,0.003982084209026554
2019-02-26,-0.0010099068434251844
2019-02-27,-0.002591213426673805
2019-02-28,0.001355592199598338
2019-03-01,0.0
2019-03-04,0.0
2019-03-05,0.0
2019-03-06,0.0
2019-03-07,0.0
2019-03-08,0.0
2019-03-11,0.0
2019-03-12,0.0
2019-03-13,0.0
2019-03-14,0.0
2019-03-15,0.0
2019-03-18,0.0
2019-03-19,0.0
2019-03-20,0.0
2019-03-21,0.0
2019-03-22,0.0
2019-03-25,0.00038786574870895447
2019-03-26,-7.646179579395693e-06
2019-03-27,-0.005094683575824338
2019-03-28,0.0013837970394149192
2019-03-29,0.0006644764333015698
2019-04-01,0.0
2019-04-02,0.0
2019-04-03,0.0
2019-04-04,0.0
2019-04-05,0.0
2019-04-08,0.0
2019-04-09,0.0
2019-04-10,0.0
2019-04-11,0.0
2019-04-12,0.0
2019-04-15,0.0
2019-04-16,0.0
2019-04-17,0.0
2019-04-18,0.0
2019-04-22,0.0
2019-04-23,0.0
2019-04-24,0.0016944512757453957
2019-04-25,2.1156676821992994e-05
2019-04-26,-0.004737470044505215
2019-04-29,-0.0011721116827364706
2019-04-30,-0.0017854901359501017
2019-05-01,0.0
2019-05-02,0.0
2019-05-03,0.0
2019-05-06,0.0
2019-05-07,0.0
2019-05-08,0.0
2019-05-09,0.0
2019-05-10,0.0
2019-05-13,0.0
2019-05-14,0.0
2019-05-15,0.0
2019-05-16,0.0
2019-05-17,0.0
2019-05-20,0.0
2019-05-21,0.0
2019-05-22,0.0
2019-05-23,0.0
2019-05-24,-0.003462892084302521
2019-05-28,-0.010358767529760855
2019-05-29,-0.002193670001075748
2019-05-30,-0.0003649690086346023
2019-05-31,-0.003155068790731258
2019-06-03,0.0
2019-06-04,0.0
2019-06-05,0.0
2019-06-06,0.0
2019-06-07,0.0
2019-06-10,0.0
2019-06-11,0.0
2019-06-12,0.0
2019-06-13,0.0
2019-06-14,0.0
2019-06-17,0.0
2019-06-18,0.0
2019-06-19,0.0
2019-06-20,0.0
2019-06-21,0.0
2019-06-24,0.0018552340006119218
2019-06-25,0.009724357315536763
2019-06-26,0.0042373179091686865
2019-06-27,-0.0009395369194330648
2019-06-28,-0.0018589343085652242
2019-07-01,0.0
2019-07-02,0.0
2019-07-03,0.0
2019-07-05,0.0
2019-07-08,0.0
2019-07-09,0.0
2019-07-10,0.0
2019-07-11,0.0
2019-07-12,0.0
2019-07-15,0.0
2019-07-16,0.0
2019-07-17,0.0
2019-07-18,0.0
2019-07-19,0.0
2019-07-22,0.0
2019-07-23,0.0
2019-07-24,0.0
2019-07-25,0.0030725692829136455
2019-07-26,-0.004239639579731408
2019-07-29,0.0011750298131707306
2019-07-30,-0.003217689229743209
2019-07-31,0.011843753945313878
2019-08-01,0.0
2019-08-02,0.0
2019-08-05,0.0
2019-08-06,0.0
2019-08-07,0.0
2019-08-08,0.0
2019-08-09,0.0
2019-08-12,0.0
2019-08-13,0.0
2019-08-14,0.0
2019-08-15,0.0
2019-08-16,0.0
2019-08-19,0.0
2019-08-20,0.0
2019-08-21,0.0
2019-08-22,0.0
2019-08-23,0.0
2019-08-26,0.0022867319942912858
2019-08-27,-0.009475136423292247
2019-08-28,0.009250992521143569
2019-08-29,0.002729473467708671
2019-08-30,-0.0061319182924344405
2019-09-03,0.0
2019-09-04,0.0
2019-09-05,0.0
2019-09-06,0.0
2019-09-09,0.0
2019-09-10,0.0
2019-09-11,0.0
2019-09-12,0.0
2019-09-13,0.0
2019-09-16,0.0
2019-09-17,0.0
2019-09-18,0.0
2019-09-19,0.0
2019-09-20,0.0
2019-09-23,0.0
2019-09-24,0.011873646504792817
2019-09-25,-0.005691289363427682
2019-09-26,0.002067518395322915
2019-09-27,0.008143321693583543
2019-09-30,-0.003089586430598773
2019-10-01,0.0
2019-10-02,0.0
2019-10-03,0.0
2019-10-04,0.0
2019-10-07,0.0
2019-10-08,0.0
2019-10-09,0.0
2019-10-10,0.0
2019-10-11,0.0
2019-10-14,0.0
2019-10-15,0.0
2019-10-16,0.0
2019-10-17,0.0
2019-10-18,0.0
2019-10-21,0.0
2019-10-22,0.0
2019-10-23,0.0
2019-10-24,0.0
2019-10-25,-0.006488826983385504
2019-10-28,-0.0015364131511189814
2019-10-29,-0.0008100660066005126
2019-10-30,-0.002489913653890413
2019-10-31,0.0026450412679623727
2019-11-01,0.0
2019-11-04,0.0
2019-11-05,0.0
2019-11-06,0.0
2019-11-07,0.0
2019-11-08,0.0
2019-11-11,0.0
2019-11-12,0.0
2019-11-13,0.0
2019-11-14,0.0
2019-11-15,0.0
2019-11-18,0.0
2019-11-19,0.0
2019-11-20,0.0
2019-11-21,0.0
2019-11-22,0.0001393053457198036
2019-11-25,-0.004541307135072742
2019-11-26,-0.002096332280399421
2019-11-27,-0.0027881869616349806
2019-11-29,0.0009933653052150828
2019-12-02,0.0
2019-12-03,0.0
2019-12-04,0.0
2019-12-05,0.0
2019-12-06,0.0
2019-12-09,0.0
2019-12-10,0.0
2019-12-11,0.0
2019-12-12,0.0
2019-12-13,0.0
2019-12-16,0.0
2019-12-17,0.0
2019-12-18,0.0
2019-12-19,0.0
2019-12-20,0.0
2019-12-23,0.0
2019-12-24,0.000814320154291265
2019-12-26,-0.004036090903438388
2019-12-27,0.002568230678939837
2019-12-30,0.005609227148872781
2019-12-31,-0.0044243042555846155
2020-01-02,0.0
2020-01-03,0.0
2020-01-06,0.0
2020-01-07,0.0
2020-01-08,0.0
2020-01-09,0.0
2020-01-10,0.0
2020-01-13,0.0
2020-01-14,0.0
2020-01-15,0.0
2020-01-16,0.0
2020-01-17,0.0
2020-01-21,0.0
2020-01-22,0.0
2020-01-23,0.0
2020-01-24,0.0
2020-01-27,0.0013668869764419224
2020-01-28,0.0054797298960190645
2020-01-29,-0.005509644314513634
2020-01-30,0.010023880873104001
2020-01-31,-0.01623562691131499
2020-02-03,0.0
2020-02-04,0.0
2020-02-05,0.0
2020-02-06,0.0
2020-02-07,0.0
2020-02-10,0.0
2020-02-11,0.0
2020-02-12,0.0
2020-02-13,0.0
2020-02-14,0.0
2020-02-18,0.0
2020-02-19,0.0
2020-02-20,0.0
2020-02-21,0.0
2020-02-24,0.002109082750510455
2020-02-25,0.03451798382366565
2020-02-26,0.008284118395926115
2020-02-27,0.025745370915995474
2020-02-28,-0.025989972289574132
2020-03-02,0.0
2020-03-03,0.0
2020-03-04,0.0
2020-03-05,0.0
2020-03-06,0.0
2020-03-09,0.0
2020-03-10,0.0
2020-03-11,0.0
2020-03-12,0.0
2020-03-13,0.0
2020-03-16,0.0
2020-03-17,0.0
2020-03-18,0.0
2020-03-19,0.0
2020-03-20,0.0
2020-03-23,0.0
2020-03-24,0.0
2020-03-25,0.007609219177522869
2020-03-26,0.04742133696697658
2020-03-27,0.0002448043744324004
2020-03-30,0.02323678138443506
2020-03-31,-0.011202268017499368
2020-04-01,0.0
2020-04-02,0.0
2020-04-03,0.0
2020-04-06,0.0
2020-04-07,0.0
2020-04-08,0.0
2020-04-09,0.0
2020-04-13,0.0
2020-04-14,0.0
2020-04-15,0.0
2020-04-16,0.0
2020-04-17,0.0
2020-04-20,0.0
2020-04-21,0.0
2020-04-22,0.0
2020-04-23,0.0
2020-04-24,-0.008342633753651092
2020-04-27,-0.007129517396184187
2020-04-28,0.01788999725104799
2020-04-29,-0.0058096007408931115
2020-04-30,0.004375041993760914
2020-05-01,0.0
2020-05-04,0.0
2020-05-05,0.0
2020-05-06,0.0
2020-05-07,0.0
2020-05-08,0.0
2020-05-11,0.0
2020-05-12,0.0
2020-05-13,0.0
2020-05-14,0.0
2020-05-15,0.0
2020-05-18,0.0
2020-05-19,0.0
2020-05-20,0.0
2020-05-21,0.0
2020-05-22,-0.0031036581225597657
2020-05-26,0.009057432186268404
2020-05-27,-0.00475127776490471
2020-05-28,0.0053973494173642335
2020-05-29,-0.005770577927659909
2020-06-01,0.0
2020-06-02,0.0
2020-06-03,0.0
2020-06-04,0.0
2020-06-05,0.0
2020-06-08,0.0
2020-06-09,0.0
2020-06-10,0.0
2020-06-11,0.0
2020-06-12,0.0
2020-06-15,0.0
2020-06-16,0.0
2020-06-17,0.0
2020-06-18,0.0
2020-06-19,0.0
2020-06-22,0.0
2020-06-23,0.0
2020-06-24,0.018342819106019075
2020-06-25,-0.012770271517068683
2020-06-26,0.019937535928926203
2020-06-29,-0.01013606595448215
2020-06-30,-0.015249677610369123
2020-07-01,0.0
2020-07-02,0.0
2020-07-06,0.0
2020-07-07,0.0
2020-07-08,0.0
2020-07-09,0.0
2020-07-10,0.0
2020-07-13,0.0
2020-07-14,0.0
2020-07-15,0.0
2020-07-16,0.0
2020-07-17,0.0
2020-07-20,0.0
2020-07-21,0.0
2020-07-22,0.0
2020-07-23,0.0
2020-07-24,0.0
2020-07-27,0.00466920218885068
2020-07-28,-0.003964781502961995
2020-07-29,0.009070166397615691
2020-07-30,0.006311634047841169
2020-07-31,0.0018444768333846064
2020-08-03,0.0
2020-08-04,0.0
2020-08-05,0.0
2020-08-06,0.0
2020-08-07,0.0
2020-08-10,0.0
2020-08-11,0.0
2020-08-12,0.0
2020-08-13,0.0
2020-08-14,0.0
2020-08-17,0.0
2020-08-18,0.0
2020-08-19,0.0
2020-08-20,0.0
2020-08-21,0.0
2020-08-24,0.0
2020-08-25,-0.0017797956569830685
2020-08-26,-0.008330077739745829
2020-08-27,0.0005386064327316089
2020-08-28,-0.003269187294319703
2020-08-31,0.0027042885685742814
2020-09-01,0.0
2020-09-02,0.0
2020-09-03,0.0
2020-09-04,0.0
2020-09-08,0.0
2020-09-09,0.0
2020-09-10,0.0
2020-09-11,0.0
2020-09-14,0.0
2020-09-15,0.0
2020-09-16,0.0
2020-09-17,0.0
2020-09-18,0.0
2020-09-21,0.0
2020-09-22,0.0
2020-09-23,0.0
2020-09-24,0.007041556925375986
2020-09-25,0.01882262609666117
2020-09-28,0.0027909999399794274
2020-09-29,-0.00488096385902938
2020-09-30,0.005253782647853461
2020-10-01,0.0
2020-10-02,0.0
2020-10-05,0.0
2020-10-06,0.0
2020-10-07,0.0
2020-10-08,0.0
2020-10-09,0.0
2020-10-12,0.0
2020-10-13,0.0
2020-10-14,0.0
2020-10-15,0.0
2020-10-16,0.0
2020-10-19,0.0
2020-10-20,0.0
2020-10-21,0.0
2020-10-22,0.0
2020-10-23,0.0
2020-10-26,0.007785580042673807
2020-10-27,0.004265011037527616
2020-10-28,0.016200004516575866
2020-10-29,-0.009571553332721545
2020-10-30,0.0051808151577921015
2020-11-02,0.0
2020-11-03,0.0
2020-11-04,0.0
2020-11-05,0.0
2020-11-06,0.0
2020-11-09,0.0
2020-11-10,0.0
2020-11-11,0.0
2020-11-12,0.0
2020-11-13,0.0
2020-11-16,0.0
2020-11-17,0.0
2020-11-18,0.0
2020-11-19,0.0
2020-11-20,0.0
2020-11-23,-0.0006817957904167336
2020-11-24,-0.008422951889175762
2020-11-25,0.0011718406631234636
2020-11-27,-4.0058543825510626e-05
2020-11-30,0.0021375726924455054
2020-12-01,0.0
2020-12-02,0.0
2020-12-03,0.0
2020-12-04,0.0
2020-12-07,0.0
2020-12-08,0.0
2020-12-09,0.0
2020-12-10,0.0
2020-12-11,0.0
2020-12-14,0.0
2020-12-15,0.0
2020-12-16,0.0
2020-12-17,0.0
2020-12-18,0.0
2020-12-21,0.0
2020-12-22,0.0
2020-12-23,0.0
2020-12-24,-0.002567952618996022
2020-12-28,-0.0011990921318089263
2020-12-29,0.006083113078836783
2020-12-30,0.0009511441155931446
2020-12-31,-0.0057178089192534585
2021-01-04,0.0
2021-01-05,0.0
2021-01-06,0.0
2021-01-07,0.0
2021-01-08,0.0
2021-01-11,0.0
2021-01-12,0.0
2021-01-13,0.0
2021-01-14,0.0
2021-01-15,0.0
2021-01-19,0.0
2021-01-20,0.0
2021-01-21,0.0
2021-01-22,0.0
2021-01-25,-0.0020526767795240484
2021-01-26,0.003949530370255122
2021-01-27,0.015051725316921876
2021-01-28,-0.0034713763783712657
2021-01-29,0.01427986075983077
2021-02-01,0.0
2021-02-02,0.0
2021-02-03,0.0
2021-02-04,0.0
2021-02-05,0.0
2021-02-08,0.0
2021-02-09,0.0
2021-02-10,0.0
2021-02-11,0.0
2021-02-12,0.0
2021-02-16,0.0
2021-02-17,0.0
2021-02-18,0.0
2021-02-19,0.0
2021-02-22,-0.0002791789386659303
2021-02-23,-0.007559333160015574
2021-02-24,-0.014205341288535806
2021-02-25,0.020392506595630282
2021-02-26,0.0103609792902488
2021-03-01,0.0
2021-03-02,0.0
2021-03-03,0.0
2021-03-04,0.0
2021-03-05,0.0
2021-03-08,0.0
2021-03-09,0.0
2021-03-10,0.0
2021-03-11,0.0
2021-03-12,0.0
2021-03-15,0.0
2021-03-16,0.0
2021-03-17,0.0
2021-03-18,0.0
2021-03-19,0.0
2021-03-22,0.0
2021-03-23,0.0
2021-03-24,0.0
2021-03-25,-0.00963211093551632
2021-03-26,-0.012965593584529107
2021-03-29,-0.003623630831642982
2021-03-30,-0.0011134888438134758
2021-03-31,-0.002477169706321408
2021-04-01,0.0
2021-04-05,0.0
2021-04-06,0.0
2021-04-07,0.0
2021-04-08,0.0
2021-04-09,0.0
2021-04-12,0.0
2021-04-13,0.0
2021-04-14,0.0
2021-04-15,0.0
2021-04-16,0.0
2021-04-19,0.0
2021-04-20,0.0
2021-04-21,0.0
2021-04-22,0.0
2021-04-23,0.0
2021-04-26,-0.0006291107704100738
2021-04-27,0.0008609832260535301
2021-04-28,0.0009509789138602955
2021-04-29,0.0006350974234530073
2021-04-30,0.0006641177597393856
2021-05-03,0.0
2021-05-04,0.0
2021-05-05,0.0
2021-05-06,0.0
2021-05-07,0.0
2021-05-10,0.0
2021-05-11,0.0
2021-05-12,0.0
2021-05-13,0.0
2021-05-14,0.0
2021-05-17,0.0
2021-05-18,0.0
2021-05-19,0.0
2021-05-20,0.0
2021-05-21,0.0
2021-05-24,0.004139068864714585
2021-05-25,-0.005098492850855191
2021-05-26,0.00027948886289306824
2021-05-27,-0.00241098959944776
2021-05-28,-0.0023829382141246245
2021-06-01,0.0
2021-06-02,0.0
2021-06-03,0.0
2021-06-04,0.0
2021-06-07,0.0
2021-06-08,0.0
2021-06-09,0.0
2021-06-10,0.0
2021-06-11,0.0
2021-06-14,0.0
2021-06-15,0.0
2021-06-16,0.0
2021-06-17,0.0
2021-06-18,0.0
2021-06-21,0.0
2021-06-22,0.0
2021-06-23,0.0
2021-06-24,0.0003204747111017316
2021-06-25,0.001399659544494153
2021-06-28,0.0005757063932393227
2021-06-29,-0.000664150833157978
2021-06-30,0.0018865168539326906
2021-07-01,0.0
2021-07-02,0.0
2021-07-06,0.0
2021-07-07,0.0
2021-07-08,0.0
2021-07-09,0.0
2021-07-12,0.0
2021-07-13,0.0
2021-07-14,0.0
2021-07-15,0.0
2021-07-16,0.0
2021-07-19,0.0
2021-07-20,0.0
2021-07-21,0.0
2021-07-22,0.0
2021-07-23,0.0
2021-07-26,0.0036741788258861487
2021-07-27,-0.002241336864358695
2021-07-28,-0.002174199417758332
2021-07-29,0.001782564854602914
2021-07-30,0.001128801580233413
2021-08-02,0.0
2021-08-03,0.0
2021-08-04,0.0
2021-08-05,0.0
2021-08-06,0.0
2021-08-09,0.0
2021-08-10,0.0
2021-08-11,0.0
2021-08-12,0.0
2021-08-13,0.0
2021-08-16,0.0
2021-08-17,0.0
2021-08-18,0.0
2021-08-19,0.0
2021-08-20,0.0
2021-08-23,0.0
2021-08-24,0.0
2021-08-25,-0.0017342202735567578
2021-08-26,0.005066111990370309
2021-08-27,-0.006993800322061222
2021-08-30,-0.0028773332002928363
2021-08-31,0.0010001116935394018
2021-09-01,0.0
2021-09-02,0.0
2021-09-03,0.0
2021-09-07,0.0
2021-09-08,0.0
2021-09-09,0.0
2021-09-10,0.0
2021-09-13,0.0
2021-09-14,0.0
2021-09-15,0.0
2021-09-16,0.0
2021-09-17,0.0
2021-09-20,0.0
2021-09-21,0.0
2021-09-22,0.0
2021-09-23,0.0
2021-09-24,0.005467977528090012
2021-09-27,-0.0004435796391229095
2021-09-28,-0.013659518069549032
2021-09-29,-0.0018963636572531138
2021-09-30,-0.01588322324663995
2021-10-01,0.0
2021-10-04,0.0
2021-10-05,0.0
2021-10-06,0.0
2021-10-07,0.0
2021-10-08,0.0
2021-10-11,0.0
2021-10-12,0.0
2021-10-13,0.0
2021-10-14,0.0
2021-10-15,0.0
2021-10-18,0.0
2021-10-19,0.0
2021-10-20,0.0
2021-10-21,0.0
2021-10-22,0.0
2021-10-25,-0.0028135555164216118
2021-10-26,0.0025181977252843714
2021-10-27,0.005436592178770999
2021-10-28,-0.006297630966495399
2021-10-29,-0.007520522298023596
2021-11-01,0.0
2021-11-02,0.0
2021-11-03,0.0
2021-11-04,0.0
2021-11-05,0.0
2021-11-08,0.0
2021-11-09,0.0
2021-11-10,0.0
2021-11-11,0.0
2021-11-12,0.0
2021-11-15,0.0
2021-11-16,0.0
2021-11-17,0.0
2021-11-18,0.0
2021-11-19,0.0
2021-11-22,0.0
2021-11-23,-0.0023331257223576816
2021-11-24,-0.007252089859674754
2021-11-26,0.011636841991435536
2021-11-29,-0.0013567145042773397
2021-11-30,0.013183333333333418
2021-12-01,0.0
2021-12-02,0.0
2021-12-03,0.0
2021-12-06,0.0
2021-12-07,0.0
2021-12-08,0.0
2021-12-09,0.0
2021-12-10,0.0
2021-12-13,0.0
2021-12-14,0.0
2021-12-15,0.0
2021-12-16,0.0
2021-12-17,0.0
2021-12-20,0.0
2021-12-21,0.0
2021-12-22,0.0
2021-12-23,0.0
2021-12-27,-0.011250989343897583
2021-12-28,0.0015872100812191871
2021-12-29,-0.0011353249475890724
2021-12-30,0.0035953183520599343
2021-12-31,0.001447847111260653
2022-01-03,0.0
2022-01-04,0.0
2022-01-05,0.0
2022-01-06,0.0
2022-01-07,0.0
2022-01-10,0.0
2022-01-11,0.0
2022-01-12,0.0
2022-01-13,0.0
2022-01-14,0.0
2022-01-18,0.0
2022-01-19,0.0
2022-01-20,0.0
2022-01-21,0.0
2022-01-24,0.0
2022-01-25,0.003128991363783401
2022-01-26,-0.016623044109638902
2022-01-27,-0.01609943640761193
2022-01-28,0.021111844233880333
2022-01-31,0.019227209681805895
2022-02-01,0.0
2022-02-02,0.0
2022-02-03,0.0
2022-02-04,0.0
2022-02-07,0.0
2022-02-08,0.0
2022-02-09,0.0
2022-02-10,0.0
2022-02-11,0.0
2022-02-14,0.0
2022-02-15,0.0
2022-02-16,0.0
2022-02-17,0.0
2022-02-18,0.0
2022-02-22,-0.0053365058232420935
2022-02-23,-0.024925243245741652
2022-02-24,0.04191607950951291
2022-02-25,0.018634478946020754
2022-02-28,0.010613390583769405
2022-03-01,0.0
2022-03-02,0.0
2022-03-03,0.0
2022-03-04,0.0
2022-03-07,0.0
2022-03-08,0.0
2022-03-09,0.0
2022-03-10,0.0
2022-03-11,0.0
2022-03-14,0.0
2022-03-15,0.0
2022-03-16,0.0
2022-03-17,0.0
2022-03-18,0.0
2022-03-21,0.0
2022-03-22,0.0
2022-03-23,0.0
2022-03-24,0.0
2022-03-25,-0.003474762833584627
2022-03-28,-0.00857764234836091
2022-03-29,-0.0035628950915177647
2022-03-30,0.0033691380284136376
2022-03-31,0.013477727183384674
2022-04-01,0.0
2022-04-04,0.0
2022-04-05,0.0
2022-04-06,0.0
2022-04-07,0.0
2022-04-08,0.0
2022-04-11,0.0
2022-04-12,0.0
2022-04-13,0.0
2022-04-14,0.0
2022-04-18,0.0
2022-04-19,0.0
2022-04-20,0.0
2022-04-21,0.0
2022-04-22,0.0
2022-04-25,-0.011550651465798051
2022-04-26,0.022653062326804734
2022-04-27,-0.00019793404275704737
2022-04-28,-0.013174225058609008
2022-04-29,0.02709332491324144
2022-05-02,0.0
2022-05-03,0.0
2022-05-04,0.0
2022-05-05,0.0
2022-05-06,0.0
2022-05-09,0.0
2022-05-10,0.0
2022-05-11,0.0
2022-05-12,0.0
2022-05-13,0.0
2022-05-16,0.0
2022-05-17,0.0
2022-05-18,0.0
2022-05-19,0.0
2022-05-20,0.0
2022-05-23,0.0
2022-05-24,0.003518229060525663
2022-05-25,0.013206784175779345
2022-05-26,0.01645521233100054
2022-05-27,0.018039395239379235
2022-05-31,-0.0016250332487003525
2022-06-01,0.0
2022-06-02,0.0
2022-06-03,0.0
2022-06-06,0.0
2022-06-07,0.0
2022-06-08,0.0
2022-06-09,0.0
2022-06-10,0.0
2022-06-13,0.0
2022-06-14,0.0
2022-06-15,0.0
2022-06-16,0.0
2022-06-17,0.0
2022-06-21,0.0
2022-06-22,0.0
2022-06-23,0.0
2022-06-24,0.022529601468274856
2022-06-27,-0.006261750415547901
2022-06-28,-0.02444398800676541
2022-06-29,-0.0024320869291504397
2022-06-30,0.0026274824580055757
2022-07-01,0.0
2022-07-05,0.0
2022-07-06,0.0
2022-07-07,0.0
2022-07-08,0.0
2022-07-11,0.0
2022-07-12,0.0
2022-07-13,0.0
2022-07-14,0.0
2022-07-15,0.0
2022-07-18,0.0
2022-07-19,0.0
2022-07-20,0.0
2022-07-21,0.0
2022-07-22,0.0
2022-07-25,0.0003553695514845025
2022-07-26,0.007289569368271282
2022-07-27,-0.016987407444974196
2022-07-28,-0.010401561372514929
2022-07-29,-0.011141707149516695
2022-08-01,0.0
2022-08-02,0.0
2022-08-03,0.0
2022-08-04,0.0
2022-08-05,0.0
2022-08-08,0.0
2022-08-09,0.0
2022-08-10,0.0
2022-08-11,0.0
2022-08-12,0.0
2022-08-15,0.0
2022-08-16,0.0
2022-08-17,0.0
2022-08-18,0.0
2022-08-19,0.0
2022-08-22,0.0
2022-08-23,0.0
2022-08-24,0.0
2022-08-25,-0.010408880192655085
2022-08-26,0.03339872552993638
2022-08-29,-0.00121911984087521
2022-08-30,0.013889866286987834
2022-08-31,0.011852100367564327
2022-09-01,0.0
2022-09-02,0.0
2022-09-06,0.0
2022-09-07,0.0
2022-09-08,0.0
2022-09-09,0.0
2022-09-12,0.0
2022-09-13,0.0
2022-09-14,0.0
2022-09-15,0.0
2022-09-16,0.0
2022-09-19,0.0
2022-09-20,0.0
2022-09-21,0.0
2022-09-22,0.0
2022-09-23,0.0
2022-09-26,-0.005935552492972745
2022-09-27,-0.012730837997934858
2022-09-28,0.01659076513529843
2022-09-29,-0.011109352253210098
2022-09-30,-0.012891846323935936
2022-10-03,0.0
2022-10-04,0.0
2022-10-05,0.0
2022-10-06,0.0
2022-10-07,0.0
2022-10-10,0.0
2022-10-11,0.0
2022-10-12,0.0
2022-10-13,0.0
2022-10-14,0.0
2022-10-17,0.0
2022-10-18,0.0
2022-10-19,0.0
2022-10-20,0.0
2022-10-21,0.0
2022-10-24,0.0
2022-10-25,-0.01620111011378324
2022-10-26,-0.001381623909226709
2022-10-27,0.007994512895478794
2022-10-28,-0.024078609034431948
2022-10-31,0.0004451764827658579
2022-11-01,0.0
2022-11-02,0.0
2022-11-03,0.0
2022-11-04,0.0
2022-11-07,0.0
2022-11-08,0.0
2022-11-09,0.0
2022-11-10,0.0
2022-11-11,0.0
2022-11-14,0.0
2022-11-15,0.0
2022-11-16,0.0
2022-11-17,0.0
2022-11-18,0.0
2022-11-21,0.0
2022-11-22,0.0
2022-11-23,0.006957996496058089
2022-11-25,0.0011938518776598408
2022-11-28,-0.008093070485354032
2022-11-29,-0.002169946976391851
2022-11-30,0.03021969605016959
2022-12-01,0.0
2022-12-02,0.0
2022-12-05,0.0
2022-12-06,0.0
2022-12-07,0.0
2022-12-08,0.0
2022-12-09,0.0
2022-12-12,0.0
2022-12-13,0.0
2022-12-14,0.0
2022-12-15,0.0
2022-12-16,0.0
2022-12-19,0.0
2022-12-20,0.0
2022-12-21,0.0
2022-12-22,0.0
2022-12-23,0.008410516264980888
2022-12-27,-0.0038073578202148127
2022-12-28,-0.012370066082760717
2022-12-29,0.009754380581092108
2022-12-30,0.00457887767969743
2023-01-03,0.0
2023-01-04,0.0
2023-01-05,0.0
2023-01-06,0.0
2023-01-09,0.0
2023-01-10,0.0
2023-01-11,0.0
2023-01-12,0.0
2023-01-13,0.0
2023-01-17,0.0
2023-01-18,0.0
2023-01-19,0.0
2023-01-20,0.0
2023-01-23,0.0
2023-01-24,0.0
2023-01-25,0.010987769920444462
2023-01-26,0.003794234967255378
2023-01-27,0.004879109376935459
2023-01-30,-0.005537288977159899
2023-01-31,0.013163056268853928
2023-02-01,0.0
2023-02-02,0.0
2023-02-03,0.0
2023-02-06,0.0
2023-02-07,0.0
2023-02-08,0.0
2023-02-09,0.0
2023-02-10,0.0
2023-02-13,0.0
2023-02-14,0.0
2023-02-15,0.0
2023-02-16,0.0
2023-02-17,0.0
2023-02-21,0.0
2023-02-22,0.002177851618232346
2023-02-23,0.0021161619683236323
2023-02-24,-0.002628440100149193
2023-02-27,0.005176864402540932
2023-02-28,0.0024429562218363067
2023-03-01,0.0
2023-03-02,0.0
2023-03-03,0.0
2023-03-06,0.0
2023-03-07,0.0
2023-03-08,0.0
2023-03-09,0.0
2023-03-10,0.0
2023-03-13,0.0
2023-03-14,0.0
2023-03-15,0.0
2023-03-16,0.0
2023-03-17,0.0
2023-03-20,0.0
2023-03-21,0.0
2023-03-22,0.0
2023-03-23,0.0
2023-03-24,0.0
2023-03-27,-0.004319701841199691
2023-03-28,-0.0004532064077620466
2023-03-29,0.003400710142028235
2023-03-30,-0.0011151315301046903
2023-03-31,0.011489688619794918
2023-04-03,0.0
2023-04-04,0.0
2023-04-05,0.0
2023-04-06,0.0
2023-04-10,0.0
2023-04-11,0.0
2023-04-12,0.0
2023-04-13,0.0
2023-04-14,0.0
2023-04-17,0.0
2023-04-18,0.0
2023-04-19,0.0
2023-04-20,0.0
2023-04-21,0.0
2023-04-24,-0.0017034357630038187
2023-04-25,0.010736772692954016
2023-04-26,0.005627930763178674
2023-04-27,-0.01344270989459186
2023-04-28,-0.010940055651413112
2023-05-01,0.0
2023-05-02,0.0
2023-05-03,0.0
2023-05-04,0.0
2023-05-05,0.0
2023-05-08,0.0
2023-05-09,0.0
2023-05-10,0.0
2023-05-11,0.0
2023-05-12,0.0
2023-05-15,0.0
2023-05-16,0.0
2023-05-17,0.0
2023-05-18,0.0
2023-05-19,0.0
2023-05-22,0.0
2023-05-23,0.0
2023-05-24,0.003074867853159452
2023-05-25,9.112072914916906e-05
2023-05-26,-0.01134591650013252
2023-05-30,0.00425726962538196
2023-05-31,0.0009258343693219042
2023-06-01,0.0
2023-06-02,0.0
2023-06-05,0.0
2023-06-06,0.0
2023-06-07,0.0
2023-06-08,0.0
2023-06-09,0.0
2023-06-12,0.0
2023-06-13,0.0
2023-06-14,0.0
2023-06-15,0.0
2023-06-16,0.0
2023-06-20,0.0
2023-06-21,0.0
2023-06-22,0.0
2023-06-23,0.0
2023-06-26,0.002623732750849467
2023-06-27,-0.008916046027523845
2023-06-28,-0.0032071198712792124
2023-06-29,-0.0051735118706274395
2023-06-30,-0.004454095686842979
2023-07-03,0.0
2023-07-05,0.0
2023-07-06,0.0
2023-07-07,0.0
2023-07-10,0.0
2023-07-11,0.0
2023-07-12,0.0
2023-07-13,0.0
2023-07-14,0.0
2023-07-17,0.0
2023-07-18,0.0
2023-07-19,0.0
2023-07-20,0.0
2023-07-21,0.0
2023-07-24,0.0
2023-07-25,-0.003432516743038366
2023-07-26,-0.0024383798710584546
2023-07-27,0.014097745196287686
2023-07-28,-0.0024093664999561724
2023-07-31,-0.0009807645219824966
2023-08-01,0.0
2023-08-02,0.0
2023-08-03,0.0
2023-08-04,0.0
2023-08-07,0.0
2023-08-08,0.0
2023-08-09,0.0
2023-08-10,0.0
2023-08-11,0.0
2023-08-14,0.0
2023-08-15,0.0
2023-08-16,0.0
2023-08-17,0.0
2023-08-18,0.0
2023-08-21,0.0
2023-08-22,0.0
2023-08-23,0.0
2023-08-24,0.0
2023-08-25,0.00274504878271174
2023-08-28,0.0009353835021709113
2023-08-29,0.014511696600022588
2023-08-30,0.0030978366293684502
2023-08-31,-0.0031833222628141642
2023-09-01,0.0
2023-09-05,0.0
2023-09-06,0.0
2023-09-07,0.0
2023-09-08,0.0
2023-09-11,0.0
2023-09-12,0.0
2023-09-13,0.0
2023-09-14,0.0
2023-09-15,0.0
2023-09-18,0.0
2023-09-19,0.0
2023-09-20,0.0
2023-09-21,0.0
2023-09-22,0.0
2023-09-25,0.006980207847888981
2023-09-26,-0.007747473723461312
2023-09-27,-0.00265532674611903
2023-09-28,0.007018374541693945
2023-09-29,-0.010110851536982563
2023-10-02,0.0
2023-10-03,0.0
2023-10-04,0.0
2023-10-05,0.0
2023-10-06,0.0
2023-10-09,0.0
2023-10-10,0.0
2023-10-11,0.0
2023-10-12,0.0
2023-10-13,0.0
2023-10-16,0.0
2023-10-17,0.0
2023-10-18,0.0
2023-10-19,0.0
2023-10-20,0.0
2023-10-23,0.0
2023-10-24,0.0
2023-10-25,0.009994824480314728
2023-10-26,0.009118819786288906
2023-10-27,0.008203654120089814
2023-10-30,-0.005083017362286574
2023-10-31,-0.005075753279830802
2023-11-01,0.0
2023-11-02,0.0
2023-11-03,0.0
2023-11-06,0.0
2023-11-07,0.0
2023-11-08,0.0
2023-11-09,0.0
2023-11-10,0.0
2023-11-13,0.0
2023-11-14,0.0
2023-11-15,0.0
2023-11-16,0.0
2023-11-17,0.0
2023-11-20,0.0
2023-11-21,0.0
2023-11-22,0.0
2023-11-24,-0.001094909574351227
2023-11-27,0.00017992411745291773
2023-11-28,-0.0019118040873854656
2023-11-29,0.00538428852674176
2023-11-30,-0.0019502590616699176
2023-12-01,0.0
2023-12-04,0.0
2023-12-05,0.0
2023-12-06,0.0
2023-12-07,0.0
2023-12-08,0.0
2023-12-11,0.0
2023-12-12,0.0
2023-12-13,0.0
2023-12-14,0.0
2023-12-15,0.0
2023-12-18,0.0
2023-12-19,0.0
2023-12-20,0.0
2023-12-21,0.0
2023-12-22,-0.0006564787067911025
2023-12-26,0.003035116436044577
2023-12-27,0.00210054686185433
2023-12-28,-0.0005065062388591888
2023-12-29,-0.00254249512056916
2024-01-02,0.0
2024-01-03,0.0
2024-01-04,0.0
2024-01-05,0.0
2024-01-08,0.0
2024-01-09,0.0
2024-01-10,0.0
2024-01-11,0.0
2024-01-12,0.0
2024-01-16,0.0
2024-01-17,0.0
2024-01-18,0.0
2024-01-19,0.0
2024-01-22,0.0
2024-01-23,0.0
2024-01-24,0.0
2024-01-25,-0.0010524530314216683
2024-01-26,9.610841075478619e-05
2024-01-29,-0.007387610973284347
2024-01-30,-0.0007615459882582996
2024-01-31,0.011515506937906688
2024-02-01,0.0
2024-02-02,0.0
2024-02-05,0.0
2024-02-06,0.0
2024-02-07,0.0
2024-02-08,0.0
2024-02-09,0.0
2024-02-12,0.0
2024-02-13,0.0
2024-02-14,0.0
2024-02-15,0.0
2024-02-16,0.0
2024-02-20,0.0
2024-02-21,0.0
2024-02-22,0.0
2024-02-23,0.0026580510554737704
2024-02-26,0.004394560299036049
2024-02-27,-0.0005052467978449325
2024-02-28,-0.001851858191676786
2024-02-29,-1.2223709331421327e-05
2024-03-01,0.0
2024-03-04,0.0
2024-03-05,0.0
2024-03-06,0.0
2024-03-07,0.0
2024-03-08,0.0
2024-03-11,0.0
2024-03-12,0.0
2024-03-13,0.0
2024-03-14,0.0
2024-03-15,0.0
2024-03-18,0.0
2024-03-19,0.0
2024-03-20,0.0
2024-03-21,0.0
2024-03-22,0.0014588563712628457
2024-03-25,-0.00018847707728121817
2024-03-26,0.00478064482090444
2024-03-27,-0.002948489582334973
2024-03-28,2.201506087427544e-05
2024-04-01,0.0
2024-04-02,0.0
2024-04-03,0.0
2024-04-04,0.0
2024-04-05,0.0
2024-04-08,0.0
2024-04-09,0.0
2024-04-10,0.0
2024-04-11,0.0
2024-04-12,0.0
2024-04-15,0.0
2024-04-16,0.0
2024-04-17,0.0
2024-04-18,0.0
2024-04-19,0.0
2024-04-22,0.0
2024-04-23,0.0
2024-04-24,0.0020017687934301533
2024-04-25,-0.008663792343596727
2024-04-26,-0.0038825960304137595
2024-04-29,-9.11856963613676e-05
2024-04-30,0.012670512820512774
2024-05-01,0.0
2024-05-02,0.0
2024-05-03,0.0
2024-05-06,0.0
2024-05-07,0.0
2024-05-08,0.0
2024-05-09,0.0
2024-05-10,0.0
2024-05-13,0.0
2024-05-14,0.0
2024-05-15,0.0
2024-05-16,0.0
2024-05-17,0.0
2024-05-20,0.0
2024-05-21,0.0
2024-05-22,0.0
2024-05-23,0.0
2024-05-24,-0.003275888036374036
2024-05-28,0.0005854882510466343
2024-05-29,-0.0009679881296608293
2024-05-30,0.003453294440631455
2024-05-31,-0.007350427823828237
2024-06-03,0.0
2024-06-04,0.0
2024-06-05,0.0
2024-06-06,0.0
2024-06-07,0.0
2024-06-10,0.0
2024-06-11,0.0
2024-06-12,0.0
2024-06-13,0.0
2024-06-14,0.0
2024-06-17,0.0
2024-06-18,0.0
2024-06-20,0.0
2024-06-21,0.0
2024-06-24,0.0029363630518253027
2024-06-25,-0.0016022325778045797
2024-06-26,-0.003515888649781823
2024-06-27,-0.0019469451931716395
2024-06-28,0.005515308211041942
2024-07-01,0.0
2024-07-02,0.0
2024-07-03,0.0
2024-07-05,0.0
2024-07-08,0.0
2024-07-09,0.0
2024-07-10,0.0
2024-07-11,0.0
2024-07-12,0.0
2024-07-15,0.0
2024-07-16,0.0
2024-07-17,0.0
2024-07-18,0.0
2024-07-19,0.0
2024-07-22,0.0
2024-07-23,0.0
2024-07-24,0.0
2024-07-25,-0.005710173639974075
2024-07-26,0.0037225381721620434
2024-07-29,-0.0024576077799347727
2024-07-30,-0.008113240947534201
2024-07-31,0.0025094775765966805
2024-08-01,0.0
2024-08-02,0.0
2024-08-05,0.0
2024-08-06,0.0
2024-08-07,0.0
2024-08-08,0.0
2024-08-09,0.0
2024-08-12,0.0
2024-08-13,0.0
2024-08-14,0.0
2024-08-15,0.0
2024-08-16,0.0
2024-08-19,0.0
2024-08-20,0.0
2024-08-21,0.0
2024-08-22,0.0
2024-08-23,0.0
2024-08-26,0.004129575238839262
2024-08-27,-0.0037993949847180573
2024-08-28,0.004981768856577734
2024-08-29,0.003410528992878731
2024-08-30,-0.005125213096044984
2024-09-03,0.0
2024-09-04,0.0
2024-09-05,0.0
2024-09-06,0.0
2024-09-09,0.0
2024-09-10,0.0
2024-09-11,0.0
2024-09-12,0.0
2024-09-13,0.0
2024-09-16,0.0
2024-09-17,0.0
2024-09-18,0.0
2024-09-19,0.0
2024-09-20,0.0
2024-09-23,0.0
2024-09-24,-0.001499764229494843
2024-09-25,0.0018460079840318779
2024-09-26,0.0035233983286908467
2024-09-27,0.0033031470726730796
2024-09-30,-0.00646113916061854
2024-10-01,0.0
2024-10-02,0.0
2024-10-03,0.0
2024-10-04,0.0
2024-10-07,0.0
2024-10-08,0.0
2024-10-09,0.0
2024-10-10,0.0
2024-10-11,0.0
2024-10-14,0.0
2024-10-15,0.0
2024-10-16,0.0
2024-10-17,0.0
2024-10-18,0.0
2024-10-21,0.0
2024-10-22,0.0
2024-10-23,0.0
2024-10-24,0.0
2024-10-25,0.004140553902770333
2024-10-28,0.002888417962714979
2024-10-29,-0.0033058797661546123
2024-10-30,0.0021208114710384697
2024-10-31,0.012029442629786651
2024-11-01,0.0
2024-11-04,0.0
2024-11-05,0.0
2024-11-06,0.0
2024-11-07,0.0
2024-11-08,0.0
2024-11-11,0.0
2024-11-12,0.0
2024-11-13,0.0
2024-11-14,0.0
2024-11-15,0.0
2024-11-18,0.0
2024-11-19,0.0
2024-11-20,0.0
2024-11-21,0.0
2024-11-22,-0.004655808634879482
2024-11-25,0.0032981792025315983
2024-11-26,-0.0037194641022898654
2024-11-27,0.0030058113144298794
2024-11-29,-0.005196115456346145
2024-12-02,0.0
2024-12-03,0.0
2024-12-04,0.0
2024-12-05,0.0
2024-12-06,0.0
2024-12-09,0.0
2024-12-10,0.0
2024-12-11,0.0
2024-12-12,0.0
2024-12-13,0.0
2024-12-16,0.0
2024-12-17,0.0
2024-12-18,0.0
2024-12-19,0.0
2024-12-20,0.0
2024-12-23,0.0
2024-12-24,-0.008638764078120604
2024-12-26,-0.003234695740618759
2024-12-27,0.004264597259686959
2024-12-30,-0.0012552313866191099
2024-12-31,0.0051579514639946535
2025-01-02,0.0
2025-01-03,0.0
2025-01-06,0.0
2025-01-07,0.0
2025-01-08,0.0
2025-01-10,0.0
2025-01-13,0.0
2025-01-14,0.0
2025-01-15,0.0
2025-01-16,0.0
2025-01-17,0.0
2025-01-21,0.0
2025-01-22,0.0
2025-01-23,0.0
2025-01-24,0.0
2025-01-27,-0.006893454289435347
2025-01-28,-0.007121199488206015
2025-01-29,0.002245928437301853
2025-01-30,-0.001797555573953685
2025-01-31,0.008459613959996708
2025-02-03,0.0
2025-02-04,0.0
2025-02-05,0.0
2025-02-06,0.0
2025-02-07,0.0
2025-02-10,0.0
2025-02-11,0.0
2025-02-12,0.0
2025-02-13,0.0
2025-02-14,0.0
2025-02-18,0.0
2025-02-19,0.0
2025-02-20,0.0
2025-02-21,0.0
2025-02-24,-0.008771788269921327
2025-02-25,-0.003923586359922754
2025-02-26,-0.0032038768572513364
2025-02-27,-0.019580877342954345
2025-02-28,0.013789675262740091
2025-03-03,0.0
2025-03-04,0.0
2025-03-05,0.0
2025-03-06,0.0
2025-03-07,0.0
2025-03-10,0.0
2025-03-11,0.0
2025-03-12,0.0
2025-03-13,0.0
2025-03-14,0.0
2025-03-17,0.0
2025-03-18,0.0
2025-03-19,0.0
2025-03-20,0.0
2025-03-21,0.0
2025-03-24,0.0
2025-03-25,-0.00022494373267302733
2025-03-26,0.010648051724820844
2025-03-27,-0.0010879566595919541
2025-03-28,0.01653913990141252
2025-03-31,-0.018331595988000954
2025-04-01,0.0
2025-04-02,0.0
2025-04-03,0.0
2025-04-04,0.0
2025-04-07,0.0
2025-04-08,0.0
2025-04-09,0.0
2025-04-10,0.0
2025-04-11,0.0
2025-04-14,0.0
2025-04-15,0.0
2025-04-16,0.0
2025-04-17,0.0
2025-04-21,0.0
2025-04-22,0.0
2025-04-23,0.0
2025-04-24,0.018155804756714394
2025-04-25,0.006929484130613656
2025-04-28,-0.0009661192622280211
2025-04-29,0.009377973620447882
2025-04-30,0.012231978559818706
2025-05-01,0.0
2025-05-02,0.0
2025-05-05,0.0
2025-05-06,0.0
2025-05-07,0.0
2025-05-08,0.0
2025-05-09,0.0
2025-05-12,0.0
2025-05-13,0.0
2025-05-14,0.0
2025-05-15,0.0
2025-05-16,0.0
2025-05-19,0.0
2025-05-20,0.0
2025-05-21,0.0
2025-05-22,0.0
2025-05-23,-0.005671025035591487
2025-05-27,-0.008664341290289274
2025-05-28,0.006358215565622977
2025-05-29,0.005009680302161629
2025-05-30,-0.0010669171208802673
2025-06-02,0.0
2025-06-03,0.0
2025-06-04,0.0
2025-06-05,0.0
2025-06-06,0.0
2025-06-09,0.0
2025-06-10,0.0
2025-06-11,0.0
2025-06-12,0.0
2025-06-13,0.0
2025-06-16,0.0
2025-06-17,0.0
2025-06-18,0.0
2025-06-20,0.0
2025-06-23,0.0
2025-06-24,0.0038875291645291523
2025-06-25,-0.001515333684262393
2025-06-26,0.004611982955385102
2025-06-27,0.0030806487403732654
2025-06-30,0.0006598739836082114
2025-07-01,0.0
2025-07-02,0.0
2025-07-03,0.0
2025-07-07,0.0
2025-07-08,0.0
2025-07-09,0.0
2025-07-10,0.0
2025-07-11,0.0
2025-07-14,0.0
2025-07-15,0.0
2025-07-16,0.0
2025-07-17,0.0
2025-07-18,0.0
2025-07-21,0.0
2025-07-22,0.0
2025-07-23,0.0
2025-07-24,0.0
2025-07-25,-0.003204685162732662
2025-07-28,0.0007284589320449677
2025-07-29,0.004721935458604204
2025-07-30,0.0020987105296262744
2025-07-31,0.01155528027773654
2025-08-01,0.0
2025-08-04,0.0
2025-08-05,0.0
2025-08-06,0.0
2025-08-07,0.0
2025-08-08,0.0
2025-08-11,0.0
2025-08-12,0.0
2025-08-13,0.0
2025-08-14,0.0
2025-08-15,0.0
2025-08-18,0.0
2025-08-19,0.0
2025-08-20,0.0
2025-08-21,0.0
2025-08-22,0.0
2025-08-25,0.0022877367865349165
2025-08-26,-0.004712441606975831
2025-08-27,-0.0033304148502101448
2025-08-28,-0.0026992861998639426
2025-08-29,0.003603069640292317
2025-09-02,0.0
2025-09-03,0.0
2025-09-04,0.0
2025-09-05,0.0
2025-09-08,0.0
2025-09-09,0.0
2025-09-10,0.0
2025-09-11,0.0
2025-09-12,0.0
2025-09-15,0.0
2025-09-16,0.0
2025-09-17,0.0
2025-09-18,0.0
2025-09-19,0.0
2025-09-22,0.0
2025-09-23,0.0
2025-09-24,-0.005371892823283336
2025-09-25,-0.00013480104568798764
2025-09-26,0.0032464610089309844
2025-09-29,-0.0012789060148111929
2025-09-30,0.004646886549107926
2025-10-01,0.0
2025-10-02,0.0
2025-10-03,0.0
2025-10-06,0.0
2025-10-07,0.0
2025-10-08,0.0
2025-10-09,0.0
2025-10-10,0.0
2025-10-13,0.0
2025-10-14,0.0
2025-10-15,0.0
2025-10-16,0.0
2025-10-17,0.0
2025-10-20,0.0
2025-10-21,0.0
2025-10-22,0.0
2025-10-23,0.0
2025-10-24,0.0
2025-10-27,0.0034385342668404708
2025-10-28,-0.0002518848700966579
2025-10-29,-0.0022117957950982424
2025-10-30,-0.005925698201491375
2025-10-31,-0.004602294756510544
2025-11-03,0.0
2025-11-04,0.0
2025-11-05,0.0
2025-11-06,0.0
2025-11-07,0.0
2025-11-10,0.0
2025-11-11,0.0
2025-11-12,0.0
2025-11-13,0.0
2025-11-14,0.0
2025-11-17,0.0
2025-11-18,0.0
2025-11-19,0.0
2025-11-20,0.0
2025-11-21,0.005971670101518983
2025-11-24,0.009069997283797631
2025-11-25,0.009391899107129436
2025-11-26,0.002801463187875314
2025-11-28,0.0039036967952296
2025-12-01,0.0
2025-12-02,0.0
2025-12-03,0.0
2025-12-04,0.0
2025-12-05,0.0
2025-12-08,0.0
2025-12-09,0.0
2025-12-10,0.0
2025-12-11,0.0
2025-12-12,0.0
2025-12-15,0.0
2025-12-16,0.0
2025-12-17,0.0
2025-12-18,0.0
2025-12-19,0.0
2025-12-22,0.0
2025-12-23,0.0
2025-12-24,-0.002962704411657707
2025-12-26,0.00041469361751421147
2025-12-29,-0.0005863382494110279
2025-12-30,0.000584604222883295
2025-12-31,0.007563129784323369
2026-01-02,0.0
2026-01-05,0.0
2026-01-06,0.0
2026-01-07,0.0
2026-01-08,0.0
2026-01-09,0.0
2026-01-12,0.0
2026-01-13,0.0
2026-01-14,0.0
2026-01-15,0.0
2026-01-16,0.0
2026-01-20,0.0
2026-01-21,0.0
2026-01-22,0.0
2026-01-23,0.0
2026-01-26,0.003065108111630949
2026-01-27,0.0018091460428132202
2026-01-28,-0.002488426224804513
2026-01-29,-0.0036250642599692405
2026-01-30,-6.326847742811877e-05
2026-02-02,0.0
2026-02-03,0.0
2026-02-04,0.0
2026-02-05,0.0
2026-02-06,0.0
2026-02-09,0.0
2026-02-10,0.0
2026-02-11,0.0
2026-02-12,0.0
2026-02-13,0.0
2026-02-17,0.0
2026-02-18,0.0
2026-02-19,0.0
2026-02-20,0.0
2026-02-23,-0.008029854033700285
2026-02-24,0.00785703915530132
2026-02-25,0.004051802428352108
2026-02-26,-0.005861977844449434
2026-02-27,0.004432119486451264
2026-03-02,0.0
2026-03-03,0.0
2026-03-04,0.0
2026-03-05,0.0
2026-03-06,0.0
2026-03-09,0.0
2026-03-10,0.0
2026-03-11,0.0
2026-03-12,0.0
2026-03-13,0.0
2026-03-16,0.0
2026-03-17,0.0
2026-03-18,0.0
2026-03-19,0.0
2026-03-20,0.0
2026-03-23,0.0
2026-03-24,0.0
2026-03-25,-0.0030801471146400137
2026-03-26,-0.010831532374321235
2026-03-27,-0.013255058365758705
2026-03-30,-0.012788452765930897
2026-03-31,0.01752771621748504
2026-04-01,0.0
2026-04-02,0.0
2026-04-06,0.0
2026-04-07,0.0
2026-04-08,0.0
2026-04-09,0.0
2026-04-10,0.0
2026-04-13,0.0
2026-04-14,0.0
2026-04-15,0.0
2026-04-16,0.0
2026-04-17,0.0
2026-04-20,0.0
2026-04-21,0.0
2026-04-22,0.0
2026-04-23,0.0
2026-04-24,-0.004694495251495029
2026-04-27,-0.0029263366378283915
2026-04-28,3.965602017395612e-05
2026-04-29,-0.0009798171589311564
2026-04-30,-0.00546743699536813
2026-05-01,0.0
2026-05-04,0.0
2026-05-05,0.0
2026-05-06,0.0
2026-05-07,0.0
2026-05-08,0.0
2026-05-11,0.0
2026-05-12,0.0
2026-05-13,0.0
2026-05-14,0.0
2026-05-15,0.0
2026-05-18,0.0
2026-05-19,0.0
2026-05-20,0.0
2026-05-21,0.0
2026-05-22,0.0007210334476843551
2026-05-26,-0.0007899914667805095
2026-05-27,0.0003960259961644898
2026-05-28,-0.006001382872375854
2026-05-29,-0.0008114631565022843
