symbol,side,entry_date,exit_date,holding_days,avg_weight,max_weight,n_rebalances,return_contribution,max_adverse_excursion,max_favorable_excursion
BTC-USD.CC,short,2020-01-30,2020-02-05,7,-1.0,1.0,0,-0.012251010348101943,-0.012251010348101943,0.03485312502723814
BTC-USD.CC,short,2020-02-07,2020-02-07,1,-1.0,1.0,0,0.0,0.0,0.0
BTC-USD.CC,short,2020-02-11,2020-02-11,1,-1.0,1.0,0,0.0,0.0,0.0
BTC-USD.CC,short,2020-02-13,2020-02-14,2,-1.0,1.0,0,-0.009568533012346059,-0.009568533012346059,-0.0
BTC-USD.CC,long,2020-03-14,2020-03-20,7,1.0,1.0,0,0.19450332767151302,-0.033158551137122294,0.19450332767151302
BTC-USD.CC,short,2020-05-01,2020-05-07,7,-1.0,1.0,0,-0.11885536160610444,-0.11885536160610444,0.0
BTC-USD.CC,short,2020-05-09,2020-05-11,3,-1.0,1.0,0,0.10495108025022926,-0.0,0.10495108025022926
BTC-USD.CC,short,2020-06-03,2020-06-03,1,-1.0,1.0,0,0.0,0.0,0.0
BTC-USD.CC,short,2020-07-27,2020-08-04,9,-1.0,1.0,0,-0.02248423080477202,-0.0686794027047617,0.007101378249104506
BTC-USD.CC,short,2020-08-19,2020-09-01,14,-1.0,1.0,0,-0.01973556410531685,-0.01973556410531685,0.03648863057241836
BTC-USD.CC,long,2020-09-20,2020-09-22,3,1.0,1.0,0,-0.036234609621559666,-0.04351799825638725,-0.0
BTC-USD.CC,short,2020-11-08,2020-11-08,1,-1.0,1.0,0,0.0,0.0,0.0
BTC-USD.CC,short,2020-11-19,2020-11-26,8,-1.0,1.0,0,0.032254715820016044,-0.0718161317756868,0.032254715820016044
BTC-USD.CC,short,2020-12-29,2021-01-01,4,-1.0,1.0,0,-0.07245051064950059,-0.07245051064950059,0.0
BTC-USD.CC,short,2021-01-04,2021-01-11,8,-1.0,1.0,0,-0.1187018028648984,-0.25189871272572817,-0.0
BTC-USD.CC,short,2021-02-09,2021-02-15,7,-1.0,1.0,0,-0.03448227413008631,-0.05033359458353903,0.03362484109899555
BTC-USD.CC,long,2021-05-20,2021-06-04,16,1.0,1.0,0,-0.07915381294794166,-0.15275416989448498,0.0
BTC-USD.CC,long,2021-06-24,2021-06-25,2,1.0,1.0,0,-0.0872603370246754,-0.0872603370246754,0.0
BTC-USD.CC,long,2021-06-27,2021-06-28,2,1.0,1.0,0,-0.006213895577084405,-0.006213895577084405,0.0
BTC-USD.CC,long,2021-07-22,2021-07-22,1,1.0,1.0,0,0.0,0.0,0.0
BTC-USD.CC,short,2021-08-24,2021-08-27,4,-1.0,1.0,0,-0.030157986703754802,-0.030157986703754802,0.014928333422629003
BTC-USD.CC,short,2021-08-29,2021-08-29,1,-1.0,1.0,0,0.0,-0.0,-0.0
BTC-USD.CC,short,2021-09-01,2021-09-06,6,-1.0,1.0,0,-0.0755917810314436,-0.0755917810314436,0.0
BTC-USD.CC,short,2021-10-08,2021-10-11,4,-1.0,1.0,0,-0.06449594228106048,-0.06449594228106048,0.0
BTC-USD.CC,short,2021-10-17,2021-10-19,3,-1.0,1.0,0,-0.04372354849056004,-0.04372354849056004,0.0
BTC-USD.CC,short,2021-10-22,2021-10-23,2,-1.0,1.0,0,-0.011555883850645321,-0.011555883850645321,-0.0
BTC-USD.CC,short,2021-10-27,2021-10-28,2,-1.0,1.0,0,-0.036587917220418875,-0.036587917220418875,-0.0
BTC-USD.CC,long,2022-01-01,2022-01-01,1,1.0,1.0,0,0.0,0.0,0.0
BTC-USD.CC,long,2022-01-13,2022-01-17,5,1.0,1.0,0,-0.0077625262897667024,-0.0077625262897667024,0.013732963732334902
BTC-USD.CC,long,2022-01-28,2022-02-02,6,1.0,1.0,0,-0.02095317407692665,-0.02095317407692665,0.02525581958525802
BTC-USD.CC,long,2022-04-13,2022-04-16,4,1.0,1.0,0,-0.01761489570830377,-0.02990800480951572,0.0
BTC-USD.CC,long,2022-04-19,2022-04-19,1,1.0,1.0,0,0.0,0.0,0.0
BTC-USD.CC,long,2022-04-24,2022-04-28,5,1.0,1.0,0,0.010253678128885335,-0.03280039348989949,0.02505784420283863
BTC-USD.CC,long,2022-05-13,2022-05-13,1,1.0,1.0,0,0.0,0.0,0.0
BTC-USD.CC,long,2022-07-01,2022-07-02,2,1.0,1.0,0,-0.0014069536436102092,-0.0014069536436102092,-0.0
BTC-USD.CC,long,2022-08-21,2022-08-25,5,1.0,1.0,0,0.0031996398126792336,-0.0064233972066563005,0.0031996398126792336
BTC-USD.CC,long,2022-08-30,2022-08-31,2,1.0,1.0,0,0.012777502769274474,-0.0,0.012777502769274474
BTC-USD.CC,short,2022-09-11,2022-09-15,5,-1.0,1.0,0,0.09449615245131193,-0.027616575458431214,0.09449615245131193
BTC-USD.CC,long,2022-11-10,2022-11-12,3,1.0,1.0,0,-0.04521648866809025,-0.04521648866809025,0.0
BTC-USD.CC,short,2022-12-15,2022-12-16,2,-1.0,1.0,0,0.04131223802201911,-0.0,0.04131223802201911
BTC-USD.CC,short,2023-01-15,2023-01-24,10,-1.0,1.0,0,-0.08411212319262384,-0.09710403684132496,0.00889030235059618
BTC-USD.CC,long,2023-02-14,2023-02-14,1,1.0,1.0,0,0.0,0.0,0.0
BTC-USD.CC,short,2023-02-17,2023-02-17,1,-1.0,1.0,0,0.0,0.0,0.0
BTC-USD.CC,long,2023-02-25,2023-03-02,6,1.0,1.0,0,0.013388334259940682,-0.0009426796051806852,0.020623350032321297
BTC-USD.CC,long,2023-03-04,2023-03-08,5,1.0,1.0,0,-0.028521447059740357,-0.028521447059740357,0.003675696160577946
BTC-USD.CC,long,2023-03-11,2023-03-17,7,1.0,1.0,0,0.2961065493615678,0.0,0.2961065493615678
BTC-USD.CC,long,2023-06-07,2023-06-09,3,1.0,1.0,0,0.005106908830468715,-0.0,0.006157179760212239
BTC-USD.CC,long,2023-08-20,2023-08-30,11,1.0,1.0,0,0.043592686265022995,-0.006750550045359294,0.05910541984879436
BTC-USD.CC,short,2023-10-25,2023-11-15,22,-1.0,1.0,0,-0.09720278505477054,-0.09720278505477054,0.0172601362594641
BTC-USD.CC,short,2023-12-10,2023-12-11,2,-1.0,1.0,0,0.057923287059068684,0.0,0.057923287059068684
BTC-USD.CC,short,2023-12-22,2023-12-23,2,-1.0,1.0,0,0.00587208172326481,0.0,0.00587208172326481
BTC-USD.CC,short,2023-12-27,2024-01-03,8,-1.0,1.0,0,0.011244902978977844,-0.03568324815052215,0.031157141987298576
BTC-USD.CC,long,2024-02-04,2024-02-05,2,1.0,1.0,0,0.0017631942418145918,-0.0,0.0017631942418145918
BTC-USD.CC,short,2024-02-18,2024-02-21,4,-1.0,1.0,0,0.005345617070700692,-0.0031787035463599622,0.006588346569359249
BTC-USD.CC,short,2024-02-27,2024-03-09,12,-1.0,1.0,0,-0.19351598657581381,-0.19351598657581381,0.0
BTC-USD.CC,short,2024-05-22,2024-06-08,18,-1.0,1.0,0,-0.004056593738714365,-0.029160869424023517,0.023185405626133804
BTC-USD.CC,long,2024-06-20,2024-06-24,5,1.0,1.0,0,-0.07149289773281275,-0.07149289773281275,-0.0
BTC-USD.CC,long,2024-07-07,2024-07-07,1,1.0,1.0,0,0.0,-0.0,-0.0
BTC-USD.CC,long,2024-07-13,2024-07-13,1,1.0,1.0,0,0.0,0.0,0.0
BTC-USD.CC,long,2024-08-08,2024-08-09,2,1.0,1.0,0,-0.013450389093168424,-0.013450389093168424,0.0
BTC-USD.CC,long,2024-08-11,2024-08-17,7,1.0,1.0,0,0.014133963887536849,-0.01897274912885516,0.03195968306845565
BTC-USD.CC,short,2024-09-22,2024-09-24,3,-1.0,1.0,0,-0.010340396073059255,-0.010340396073059255,0.005010431541924154
BTC-USD.CC,short,2024-11-11,2024-11-14,4,-1.0,1.0,0,0.015326534437121508,-0.021476093673440277,0.015326534437121508
BTC-USD.CC,short,2024-12-06,2024-12-07,2,-1.0,1.0,0,-2.6239693572849276e-05,-2.6239693572849276e-05,0.0
BTC-USD.CC,long,2025-01-10,2025-01-18,9,1.0,1.0,0,0.09973340206183812,-0.00225051296543588,0.100250099972508
BTC-USD.CC,long,2025-02-06,2025-02-07,2,1.0,1.0,0,-0.0006648269995129796,-0.0006648269995129796,-0.0
BTC-USD.CC,long,2025-02-09,2025-02-09,1,1.0,1.0,0,0.0,0.0,0.0
BTC-USD.CC,long,2025-03-02,2025-03-05,4,1.0,1.0,0,-0.034386129474780924,-0.08682042869346196,0.0
BTC-USD.CC,long,2025-03-16,2025-03-16,1,1.0,1.0,0,0.0,-0.0,-0.0
BTC-USD.CC,short,2025-04-14,2025-04-15,2,-1.0,1.0,0,0.010330935039344125,0.0,0.010330935039344125
BTC-USD.CC,long,2025-06-07,2025-06-12,6,1.0,1.0,0,0.004274479832754419,0.0,0.04422546022526097
BTC-USD.CC,short,2025-07-11,2025-07-31,21,-1.0,1.0,0,0.014054912341050385,-0.021493936596269525,0.014054912341050385
BTC-USD.CC,long,2025-08-19,2025-08-22,4,1.0,1.0,0,0.036184029978637344,-0.003445026334830681,0.036184029978637344
BTC-USD.CC,long,2025-09-22,2025-09-22,1,1.0,1.0,0,0.0,-0.0,-0.0
BTC-USD.CC,long,2025-10-13,2025-10-22,10,1.0,1.0,0,-0.06676134210037998,-0.07864474553846057,0.0
BTC-USD.CC,long,2025-11-26,2025-11-30,5,1.0,1.0,0,-0.001314674721942799,-0.001314674721942799,0.008473504729832548
BTC-USD.CC,long,2026-02-03,2026-02-12,10,1.0,1.0,0,-0.11313455931037275,-0.1758582411799905,-0.0
BTC-USD.CC,short,2026-05-11,2026-05-15,5,-1.0,1.0,0,0.03233892446575559,-0.0,0.03233892446575559
